text,label,notes,prelabel,source_thread,score,permalink
"Picking up where he left off confirmed. Benched him in my flex for Godwin, but won't be making that mistake again.",reaction,,reaction,ff_top_month,2,/r/fantasyfootball/comments/1wfkcob/the_current_wr1_in_fantasy_jalen_coker_finishes/p9mv6ku/
"Not sure what you mean. If you're going by ""raw totals"", he's had two seasons where he finished outside of the top 12, including 2023 when he only played 12 games.",analysis,,analysis,ff_top_week,29,/r/fantasyfootball/comments/1wlvy67/justin_herbert_starts_02_with_oc_mike_mcdaniel/pb2e1xt/
"Ha I have him too and after last night I really wanna drop him for someone with upside like stribling who is available, but it feels like if I do, he'll actually start doing his job.",reaction,,reaction,ff_top_month,17,/r/fantasyfootball/comments/1wcz9d0/aj_brown_ankle_is_expected_to_miss_at_least_4/p91wry1/
"Some coaches get so much praise blown up their asses they start getting too creative with personnel. They substitute personnel constantly, draw up plays for their 4th best WR and use players as decoys…. All it does it kills their teams rhythm.",hot_take,,hot_take,ff_top_month,2,/r/fantasyfootball/comments/1wm29l3/colston_loveland_heats_up_for_13_vs_vikings/pb5tt9z/
"yeah, for sure would have lost. whats funny is that he was actually winning until he lost points for missing the last PAT and I ended up winning 122.66 to 120.76",reaction,"STAT-FLAVORED: ""122.66 to 120.76""",reaction,ff_top_month,1,/r/fantasyfootball/comments/1wh643i/35_of_brandon_aubrey_owners_lost_their_matchup/pa060yz/
Especially in 2 flex leagues I feel like not enough people consider using 2 tight ends.,hot_take,,hot_take,ff_new,2,/r/fantasyfootball/comments/1wp11c4/top_24_tight_end_rankings_for_week_3/pbre0qk/
"lol, no he absolutely will not. The days of fun Jameis slinging the ball around for TDs and picks have been over for a couple years now. No idea why some people still pretend that Jameis is a backup who's capable of producing anything good.",hot_take,,hot_take,ff_top_week,5,/r/fantasyfootball/comments/1wnhx7t/schefter_further_testing_today_revealed_giants_qb/pbf4hcx/
"Through the first 2 games, I fear that I may have underestimated Kincaid's role within the offense. After dealing with injuries and inconsistent play the last two years, it was hard to overlook and buy back in. But as things stand now, he's appearing as the alpha in this receiving group for Buffalo and a set and forget start at TE each week in fantasy lineups.",hot_take,relabeled under Rule A/B,analysis,ff_top_week,2,/r/fantasyfootball/comments/1wjnh0r/barnwell_73_percent_route_share_for_dalton/pakhicr/
Lol I picked up friermuth after these the first week goose. But I have to believe he'll get more involved going forward. It doesn't make sense that they're not even targeting him at all after how much he showed out to end the season last year,hot_take,,hot_take,ff_top_month,3,/r/fantasyfootball/comments/1wm29l3/colston_loveland_heats_up_for_13_vs_vikings/pb3xrio/
"Oh hey that happened to me! I've never been one of the sad sacks that get highlighted before, usually I just lose regular bad 😆",reaction,,reaction,ff_top_month,1,/r/fantasyfootball/comments/1wh643i/35_of_brandon_aubrey_owners_lost_their_matchup/pa0ygsw/
The bears pass catchers are dropping in value by the second.,reaction,relabeled under Rule A/B,hot_take,ff_hot,932,/r/fantasyfootball/comments/1wolgrj/what_slow_starts_are_we_more_concerned_about/pbnyu4n/
"I actually think he looks bigger than in college. He’s lost the fluidity he had his sophomore year, he just looks muscular as hell and can’t separate bc of the mass",hot_take,"visual impression, unfalsifiable",hot_take,ff_top_week,31,/r/fantasyfootball/comments/1wmc6f3/marvin_harrison_jr_finished_without_a_reception/pb5vk77/
"Why though? And I mean it seriously. Why hold for what is clearly a three headed committee backfield? Even if someone goes down, they'll keep a committee My opinion is, that bench spot would be much better if it was Kaelon black or Emmett johnson. Players who would conceivably handle a large volume of work if the starter goes down",analysis,,analysis,ff_hot,4,/r/fantasyfootball/comments/1woeh1z/rb_jonah_coleman_is_dealing_with_a_sprained_ankle/pbmpi94/
But imagine Adams cooks PS2 this week… we might have a top 3 WR all year.,reaction,relabeled under Rule A/B,hot_take,ff_hot,1,/r/fantasyfootball/comments/1wosfns/more_of_mcvay_today_on_puka_its_like_some_of_the/pbrg2d5/
"Really all you want in a kicker is a guy with a strong leg on a high-powered offense. Jake Bates is exactly that. Not sure who else is out there, but I have a hard time recommending waiver swaps for a super volatile and unpredictable position.",hot_take,,hot_take,ff_hot,1,/r/fantasyfootball/comments/1wp0dbo/week_3_start_and_sit_reviewing_all/pbri5hk/
Took him at 1.05 over Puka and JSN. Maybe should've gone JSN but I'm not stressing. Sadly took AJ Brown 2nd round but still 2-0,reaction,,reaction,ff_hot,4,/r/fantasyfootball/comments/1woqcbr/mcvay_on_the_status_of_puka_for_snf_against/pbpckh0/
Was already up 40 points so I kinda wish he saved this performance for next week but I'll take it!,reaction,,reaction,ff_top_month,6,/r/fantasyfootball/comments/1wn68e9/davante_adams_goes_nuclear_8_for_195_and_2_tds_in/pbdfw3f/
I also have Kittle/Schultz. It is a push for me tier wise but Schultz gets the nod for me he had 12 targets last game as opposed to Kittles 4 so that is my tiebreaker,analysis,,analysis,ff_new,1,/r/fantasyfootball/comments/1wp0fmm/dynatyze_startsit_qb_and_te_edition/pbrkco3/
"So excited to bench this guy and stop listening to everyone. He’s lost me two games already.. Starting Kincaid next week. So ya, Loveland breakout game happening next week now",reaction,,reaction,ff_top_month,1,/r/fantasyfootball/comments/1wm29l3/colston_loveland_heats_up_for_13_vs_vikings/pb3tzpe/
"Right lol, that’s the problem. If I have a WR and don’t pay for those ints, the 350 yard 3td game is a 350 yard 3td game. Almost better even if they’re gonna be playing from behind because of dumb ints. I love a pick six by my receivers team - get the ball right back with even more desperation to throw. But dude was missing layups last night.",hot_take,relabeled under Rule A/B,analysis,ff_top_week,7,/r/fantasyfootball/comments/1wnhx7t/schefter_further_testing_today_revealed_giants_qb/pbf97rx/
Said it once I read the reports from camp: BA ain’t that guy anymore man,hot_take,,hot_take,ff_top_month,1,/r/fantasyfootball/comments/1wh643i/35_of_brandon_aubrey_owners_lost_their_matchup/pa1lff4/
"I see what you mean. I just see a lot of people who think there are situations where they shouldn't follow the advice and it's usually [basically always] because they don't understand it. ""Never start a Thursday guy in the flex"" is, technically, oversimplified. The real advice should be: use all of your dedicated positions first, and then use the flex for the players, already in your lineup, who are last to play in chronological order. If the Cowboys play the Eagles on Thursday night, for example, and you have Pickens, Lamb, and Devonta, for 2 WRs and a flex, you are still playing your *latest* guy in the flex, it's just that they're all tied for latest. The fact that your RBs play later doesn't change that you're: 1. Playing your best overall lineup 2. Playing your flex play as late as you possibly can. You always fulfill #1 before you consider #2. The rule itself is hard and fast and should actually never be ignored. But yes, I'm being pedantic. I think you understand what I'm saying.",hot_take,relabeled under Rule A/B,analysis,ff_top_month,2,/r/fantasyfootball/comments/1waqtma/annual_reminder_to_use_your_flex_spot_for_your/p8t3a8w/
I'll take an out as long as it's before waivers hit.,hot_take,label set by Pop's blind pass,reaction,ff_top_month,68,/r/fantasyfootball/comments/1wcz9d0/aj_brown_ankle_is_expected_to_miss_at_least_4/p91w5pm/
"Yeah, if anything the fumbles are my biggest concern. He probably had another scoring opportunity on Sunday if not for that fumble and then nobody would be worried about him.",analysis,,analysis,ff_recent_comments,1,/r/fantasyfootball/comments/1wolgrj/what_slow_starts_are_we_more_concerned_about/pbrjx4v/
"Didnt matter last year, wont matter this year unless Treyveon has (1) learned how to block & (2) learned the playbook. Both have probably happened to some degree, but whether he done it enough to supplant Rhamondre…idk. I don’t see it. He fumbled twice against the Steelers last year and nothing really changed. Henderson was a rookie then, but I havent heard anything positive about his progress on those weak spots in the meantime.",analysis,,analysis,ff_hot,16,/r/fantasyfootball/comments/1wp0fbg/early_candidates_for_rage_drop_of_the_year/pbrern8/
"Running backs going in the 6th right now by ADP are Henderson, Stevenson, and Warren. I wouldn't fault anybody for taking a shot of Lloyd over any of those guys even if I wouldn't do it myself. Honestly, I might even over Warren or Stevenson for the upside.",analysis,,analysis,ff_top_month,53,/r/fantasyfootball/comments/1w2p6wk/nfl_is_placing_packers_rb_josh_jacobs_on_the/p6u958s/
Where’s that Ebuka didn’t miss a week guy? Where’s that 1-4 weeks guy?,reaction,,reaction,ff_top_month,2,/r/fantasyfootball/comments/1wcz9d0/aj_brown_ankle_is_expected_to_miss_at_least_4/p920jk6/
"I had Skat in my main league and was hyped as fuck. My team was absolutely stacked included Kraft who was TE1 at that point. Then it was just one season ending injury after another. Finished 2nd still but man, that squad could have been an all timer if not for injuries.",reaction,,reaction,ff_hot,8,/r/fantasyfootball/comments/1wo9ydc/rapoport_giants_qb_jaxson_dart_is_expected_to/pbmcerl/
"Bruh he's a free agent in my league & I wanted to grab him but I also don't really want to drop anyone (streaming Schultz this week, have Kraft ROS). Might drop Keaton Mitchell & grab TFerg as a flex option but feels a little crazy to drop an RB stash for another TE, decisions decisions",reaction,,reaction,ff_hot,2,/r/fantasyfootball/comments/1wosfns/more_of_mcvay_today_on_puka_its_like_some_of_the/pbqtr91/
He's riding my bench for one more week to see if he actually plays or just coach is trying to mess with opponents game prep.,reaction,,reaction,ff_hot,1,/r/fantasyfootball/comments/1woh7oy/dj_moore_update_dj_moore_says_he_feels_great_and/pbnokt9/
He wasn't great to begin with. His claim to fame is throwing a ton of TDs but also throwing a ton of INTs.,reaction,label set by Pop's blind pass,hot_take,ff_hot,18,/r/fantasyfootball/comments/1wo9ydc/rapoport_giants_qb_jaxson_dart_is_expected_to/pblb1px/
"Tae is gonna end up on a lot of championship rosters this year. He was good last year, is still so good this year, and has only had more time to build chemistry with Stafford. Might be the best mid-round pick I’ve made in a long time Was it just me or was Stafford also a tiny bit off last night? Obviously not bad by any means, just seemed like he was slightly unde -throwing a lot of balls",hot_take,,hot_take,ff_top_month,9,/r/fantasyfootball/comments/1wn68e9/davante_adams_goes_nuclear_8_for_195_and_2_tds_in/pbco4xg/
Just an absurd year for me. Almost want to just pack it up. Startup dynasty league: Jayden Nabers Nico Home League Redraft: Puka Jacobs,reaction,,reaction,ff_hot,1,/r/fantasyfootball/comments/1wosfns/more_of_mcvay_today_on_puka_its_like_some_of_the/pbr45mt/
"Im buying cmc if people are really shook by this. He still got 8 targets this game probably would have had more depending on game script. They split total touches 55/43 wouldn’t be surprised if that gets closer to 65/35 as the season goes on. His passing game volume alone is worth the price no other rb available at that point in the draft is getting that kind of passing game usage. Still had 60% red zone usage and gola line usage, black took 2 touches inside the 10 yard line.",analysis,,analysis,ff_top_month,2,/r/fantasyfootball/comments/1wivs0o/cmc_look_at_some_of_the_duos_last_year_like_bijan/padtjmx/
Pacheco getting injured was unforeseen so they stuck with what they knew in Gibb's packages. I'd expect Sione Vaki to get more touches tomorrow though on a short week it'll be tough to work him in fully.,analysis,,analysis,ff_top_month,16,/r/fantasyfootball/comments/1wivs0o/cmc_look_at_some_of_the_duos_last_year_like_bijan/padnbut/
Im glad they announce this after i wasted faab on him,reaction,label set by Pop's blind pass,reaction,ff_hot,15,/r/fantasyfootball/comments/1woeh1z/rb_jonah_coleman_is_dealing_with_a_sprained_ankle/pbmez3t/
"Doubt he would be on the waiver but if you can, 100% get Emett Johnson from the chiefs if possible! Both Kaleon and He looked like the best handcuffs and immediately jump into rb1 territory if anyone misses time. Only week 2 brother you got a ton of weeks to grind some W’s 🙌🏼",hot_take,,hot_take,ff_top_month,3,/r/fantasyfootball/comments/1wivs0o/cmc_look_at_some_of_the_duos_last_year_like_bijan/paedq1t/
Coming over from the news Bowser will be out...,reaction,,reaction,ff_top_month,1,/r/fantasyfootball/comments/1waqtma/annual_reminder_to_use_your_flex_spot_for_your/p8u5fur/
Jameis threw his way a lot. Unfortunately bounce passes aren’t a thing in football,reaction,relabeled under Rule A/B,hot_take,ff_top_week,41,/r/fantasyfootball/comments/1wns0wr/giants_best_bet_is_to_commit_all_their_firstteam/pbi5n9k/
I accidentally auto drafted him and was screaming at the screen lol.,reaction,,reaction,ff_top_week,1,/r/fantasyfootball/comments/1wjnh0r/barnwell_73_percent_route_share_for_dalton/pangyoo/
That’s how I feel. The online discourse is screaming to drop him and when stuff like this gets this loud I feel like it almost always is wrong. I’m gonna bag hold dammit,reaction,"""almost always wrong"" is an explicit generalization, which makes it durable | relabeled under Rule A/B",hot_take,ff_top_week,14,/r/fantasyfootball/comments/1wnl41u/cardinals_coach_mike_lafleur_met_the_idea_of/pbfzkhz/
Half of them weren’t catchable,hot_take,,hot_take,ff_hot,10,/r/fantasyfootball/comments/1wo9ydc/rapoport_giants_qb_jaxson_dart_is_expected_to/pbl9qeq/
I didn't want him on my team (didn't want him to clog up my bench or cause me to root for a scumbag to get off a domestic violence charge) but I also wish he didn't go $1 or $2 in my 3 auctions.,reaction,label set by Pop's blind pass,reaction,ff_top_week,1,/r/fantasyfootball/comments/1wjz9u1/fowler_jacobs_could_face_46_game_suspension/papujui/
He looks like a normal washed up 32 year old qb. It has nothing to do with his social media antics.... he was already a mid qb before and now he's older and hasn't been a starter for several years. This is very expected.,hot_take,,hot_take,ff_hot,5,/r/fantasyfootball/comments/1wo9ydc/rapoport_giants_qb_jaxson_dart_is_expected_to/pbllj2u/
Go ahead and put Jaylin Noel in there to make it worse,reaction,label set by Pop's blind pass,reaction,ff_top_week,6,/r/fantasyfootball/comments/1wju3zp/update_wr_nico_collins_is_not_practicing_friday/paljl77/
Him and Stafford also seemed out of sync last year. There were multiple passes they didn't connect on that they should have. Last night was the exact opposite. They may have finally built necessary chemistry.,hot_take,relabeled under Rule A/B,analysis,ff_top_month,22,/r/fantasyfootball/comments/1wn68e9/davante_adams_goes_nuclear_8_for_195_and_2_tds_in/pbd7fo7/
"""Would've been fine if he found the end zone"" applies to 99% of low end RB 1s and high end RB2s though. The only issue is CMC wasn't drafted as a low end RB...",analysis,label set by Pop's blind pass,analysis,ff_top_month,4,/r/fantasyfootball/comments/1wivs0o/cmc_look_at_some_of_the_duos_last_year_like_bijan/padqbfq/
"”McBride/Wilson/MHJ is nasty” no, it’s McBride/Wilson/Kendrick Bourne, which is better once you accept losing the name Marvin Harrison",reaction,relabeled under Rule A/B,hot_take,ff_top_week,121,/r/fantasyfootball/comments/1wmc6f3/marvin_harrison_jr_finished_without_a_reception/pb5puh5/
Dude wouldn’t even know the playbook,reaction,relabeled under Rule A/B,hot_take,ff_top_week,3,/r/fantasyfootball/comments/1wns0wr/giants_best_bet_is_to_commit_all_their_firstteam/pbhi13k/
they were good last week,hot_take,,hot_take,ff_top_week,3,/r/fantasyfootball/comments/1wju3zp/update_wr_nico_collins_is_not_practicing_friday/palmlum/
"If you didn't watch the game he was essentially double covered most of the time, allowing for other opportunities for the offense. Expect the ball to be thrown around a lot to many different players this season. Also Ben has a run focused offense to set up the passing game.",analysis,,analysis,ff_top_month,3,/r/fantasyfootball/comments/1wfj4j1/colston_loveland_in_his_projected_te3_debut_0/p9mo5wh/
"Stafford had Megatron for a solid chunk of time and they helped each other set a lot of ""most"" and ""fastest"" records, ha.",hot_take,relabeled under Rule A/B,analysis,ff_top_month,7,/r/fantasyfootball/comments/1wn68e9/davante_adams_goes_nuclear_8_for_195_and_2_tds_in/pbdqquq/
"Is he this bad in real life? Like how do you go from best in the class wr, third overall, to this",reaction,,reaction,ff_top_week,25,/r/fantasyfootball/comments/1wmc6f3/marvin_harrison_jr_finished_without_a_reception/pb5oxux/
You’ve got to be fucking kidding me,reaction,,reaction,ff_hot,5,/r/fantasyfootball/comments/1woeh1z/rb_jonah_coleman_is_dealing_with_a_sprained_ankle/pbmei06/
I thought after he did this to me last year I would be safe this year...,reaction,,reaction,ff_top_month,264,/r/fantasyfootball/comments/1wbwfpp/raiders_allpro_and_pro_bowl_te_brock_bowers/p8t9qdc/
I had CMC the last time he missed most of the season and this gives me vibes like that. Shanahan was constantly vague about his injury just like McVay is being right now.,hot_take,"""gives me vibes"" plus a behavioral parallel; no checkable support",hot_take,ff_hot,1,/r/fantasyfootball/comments/1wosfns/more_of_mcvay_today_on_puka_its_like_some_of_the/pbrdsqx/
I don’t understand the logic of saying to play the Ravens defense against the Cowboys and then directly afterward talking about how Dak will be a top 8 QB this week in a matchup that has a very high expected points total.,analysis,argues an internal contradiction in someone else's rankings - the reasoning is the evidence,analysis,ff_hot,5,/r/fantasyfootball/comments/1wp0dbo/week_3_start_and_sit_reviewing_all/pbrdrar/
"I freely admit that I fucked up draft day (I had the 2 pick and went WR heavy, then on the flip straight up like 15 RBs went before it came to me again and Dobbins was the best of the bunch left over), so this helps. I have 2 really valuable handcuffs but I am worried for my season outlook lmao.",reaction,,reaction,ff_top_month,8,/r/fantasyfootball/comments/1wivs0o/cmc_look_at_some_of_the_duos_last_year_like_bijan/padrsar/
"Thats on the league. When I was in auction, the top 2 RBs were over $75 each and the next 8-10 rbs were over $60. A good tip in auction is that you might as well pay up for players because then scarcity hits and you just end up overpaying for the next tier. Unless you want to just fill your roster with RB2s and WR2s",analysis,,analysis,ff_top_month,9,/r/fantasyfootball/comments/1wfkcob/the_current_wr1_in_fantasy_jalen_coker_finishes/p9r096p/
Counterpoint: give him a device like Dalvin “device Dalvin” Cook and watch him absolute shred defenses,reaction,,reaction,ff_top_week,1,/r/fantasyfootball/comments/1wmykqd/malik_nabers_says_his_shoulder_was_dislocated_and/pbf6c3u/
"CMC doesn’t need the full load to maximize his upside where he was drafted. Would’ve been fine last week had he found the end zone, and the opportunity was there if not for cramps and a hard hit that kept him out of a scoring drive.",analysis,,analysis,ff_top_month,42,/r/fantasyfootball/comments/1wivs0o/cmc_look_at_some_of_the_duos_last_year_like_bijan/pado1f9/
"Another realistic scenario, with Strib Club injured early, niners were limited in WR usage with just Evans/Deebo/DRob available. They utilized CMC heavily in the pass game and it was evident in all the routes he ran as well. Black took over more of the traditional back role. He also ate a Purdy Hospital ball on a screen and had cramps. With a week to prepare, I'm sure we will still see Black utilized but I don't think we'll see him out carry CMC.",analysis,,analysis,ff_top_month,2,/r/fantasyfootball/comments/1wivs0o/cmc_look_at_some_of_the_duos_last_year_like_bijan/pads838/
I refuse to stand idly by and accept this *Sione Vaki* slander!,reaction,,reaction,ff_top_month,2,/r/fantasyfootball/comments/1wivs0o/cmc_look_at_some_of_the_duos_last_year_like_bijan/padz3hp/
Tet’s usage and peripherals were really good. The fumble and TD luck were what made his day unremarkable. Still think he has a solid season.,analysis,,analysis,ff_top_month,2,/r/fantasyfootball/comments/1wfkcob/the_current_wr1_in_fantasy_jalen_coker_finishes/p9tuz1e/
"It was my first game watching the Giants but seemed very weird how Skattebo was given touches sporadically. Not sure if he’s in the doghouse, Harbaugh wanted to avoid more stars getting injured, or Winston had more synergy with the back-up As a neutral it seemed very strange.",reaction,"observation plus uncertainty, never resolves into a claim",reaction,ff_top_week,8,/r/fantasyfootball/comments/1wmykqd/malik_nabers_says_his_shoulder_was_dislocated_and/pbauf5w/
I'm putting that shit on Caleb man. The play he hurt himself I dont know who he was pointing to but had he just dumped it off to Loveland they at the very least get 3-4 yards and are on the 1 and he isnt injured or Loveland gets a TD. My guess is Loveland made fun of Caleb trying to copy his mustache,analysis,,analysis,ff_top_month,2,/r/fantasyfootball/comments/1wm29l3/colston_loveland_heats_up_for_13_vs_vikings/pbh91p9/
Just wanted to say how much I loved the Gibbs/Slinky-Dog Dash analogy. What a shrewd comparison that is surprisingly spot on and making me daydream about going back to Disney.,reaction,,reaction,ff_hot,1,/r/fantasyfootball/comments/1wp0dbo/week_3_start_and_sit_reviewing_all/pbrkyei/
I’d like to see McKee get a shot at starting. Just to see if the fan base was delusional or if he’s actually good.,reaction,,reaction,ff_hot,2,/r/fantasyfootball/comments/1wowlhj/hughes_harbaugh_giants_will_add_another_qb_havent/pbrbwo4/
"My schizo theory is that Darnold was getting scared he would lose negotiating power with how well lock has played, so he's now more willing to play through the injury",hot_take,"self-described ""schizo theory"", zero support",hot_take,ff_hot,1,/r/fantasyfootball/comments/1wp05rx/seahawks_darnold_on_a_good_track_to_play_vs/pbrgn1j/
"While I agree it’s the better 1.01 picks this year for your exact reasoning, Bijan is a perfect example of how to handle this. Get a competent #2 you can stick in there for grinding out short yardage or 3rd and long and keep Gibbs fresh on downs that actually matter. It feels like they have no clear answer for RB2 and that’s what makes me uneasy.",analysis,,analysis,ff_top_month,4,/r/fantasyfootball/comments/1wivs0o/cmc_look_at_some_of_the_duos_last_year_like_bijan/pae3t72/
"Not giving up or selling low. I think better days are ahead, but there's a strong possibility he doesn't live up to his back end rd 1 early rd 2 draft capital. That plus many of us Achane drafters probably passed on a rb with more upside (e.g. Kenneth Walker, Jeanty) I think Achane is a perfect candidate for this post",analysis,,analysis,ff_hot,11,/r/fantasyfootball/comments/1wolgrj/what_slow_starts_are_we_more_concerned_about/pbo4rxw/
Guys it was a Wednesday Jogging practice chill out the real report is tomorrow,reaction,relabeled under Rule A/B,hot_take,ff_hot,3,/r/fantasyfootball/comments/1wojgb4/mcvay_said_puka_nacua_does_not_have_a_hernia_but/pbnx7r6/
I did that once... but then I got too paranoid that I would forget to set my lineup or miss someone of a Thursday game. Or some wacky ass Wednesday game.,reaction,,reaction,ff_top_month,7,/r/fantasyfootball/comments/1waqtma/annual_reminder_to_use_your_flex_spot_for_your/p8p2jxq/
"Their 3rd wr is doubtful too, so i think Ferg or coby might be the better play as a flex. Rather have Staffords number 2 than darts number 3, its just ""who is Staffords number 2?""",analysis,,analysis,ff_top_week,7,/r/fantasyfootball/comments/1wkttdn/puka_nacua_wont_practice_for_a_second_straight/patkllc/
MHJ 4th round fml and Drake Maye can kick rocks too,reaction,,reaction,ff_hot,1,/r/fantasyfootball/comments/1wp0fbg/early_candidates_for_rage_drop_of_the_year/pbrfn4h/
"I’ve seen a ton of ‘unprepared’ hand waves for Winston, but he’s been in the league for over a decade and is the undisputed backup. There’s no reason he shouldn’t have been prepared and if he really wasn’t prepared that doesn’t bode well for future games either.",analysis,,analysis,ff_top_week,7,/r/fantasyfootball/comments/1wnhx7t/schefter_further_testing_today_revealed_giants_qb/pbfatgs/
"He’s a tight end, not a wide receiver. His job isn’t only catching the ball. They were facing a blitz heavy defense. They needed him to be a blocker yesterday. NFL teams do not care about fantasy football. And it’s hard to complain about his week 1 usage when they scored 59 points. They were doing something right without him needing to be involved. Other teams watch game tape too. They saw how heavily featured he was to end last season. They likely were keying on him in their game plan.",analysis,,analysis,ff_top_month,2,/r/fantasyfootball/comments/1wm29l3/colston_loveland_heats_up_for_13_vs_vikings/pb8c1eb/
A pre-hernia is basically your entire abdomen on a day-to-day basis. He fine.,reaction,medical assertion with no support | relabeled under Rule A/B,hot_take,ff_hot,1,/r/fantasyfootball/comments/1wosfns/more_of_mcvay_today_on_puka_its_like_some_of_the/pbqcumi/
kda player faking an injury to not fk up his stats.,reaction,label set by Pop's blind pass,hot_take,ff_top_week,1,/r/fantasyfootball/comments/1wmykqd/malik_nabers_says_his_shoulder_was_dislocated_and/pbega79/
I'm going to need Stribling to look like a 1st ballot hall of famer tonight to keep me from jumping,reaction,,reaction,ff_top_month,35,/r/fantasyfootball/comments/1wcz9d0/aj_brown_ankle_is_expected_to_miss_at_least_4/p91wwmx/
"But also (and I say this as a Bears' fan) the Bears defense is ass. And it's extra ass with no Kyler Gordon, Coby Bryant, and Xavier Woods in this game.",analysis,,analysis,ff_top_month,61,/r/fantasyfootball/comments/1wfkcob/the_current_wr1_in_fantasy_jalen_coker_finishes/p9musu1/
I’m about to have to splurge FAAB for him too.. JD5 and Caleb Williams owners in my 14 teamer don’t have back ups Next best waiver QB right now is Jacoby RIP,reaction,,reaction,ff_top_week,5,/r/fantasyfootball/comments/1wnhx7t/schefter_further_testing_today_revealed_giants_qb/pbfaw4j/
"Yeah the issue with Herbert to me is I don’t see how you can possibly have confidence in him after he just blew two cupcake matchups If he was a RB or WR where you need to start 2/3 of them, then ok I get sticking it out, but there’s so many QBs out there, it just doesn’t make sense to ride with Herbert Even Maye at least has the benefit of 2 tough matchups to start the year",hot_take,label set by Pop's blind pass,analysis,ff_recent_comments,1,/r/fantasyfootball/comments/1wp0fbg/early_candidates_for_rage_drop_of_the_year/pbrkmpd/
"I literally *just said* I have a similar injury, and no, each dislocation does not defacto make it worse, especially if it's not a high-energy dislocation. On top of that, yes it hurts when it pops out, but it's almost immediately relieved when it pops back in. This was abundantly obvious with Nabers when he went up with no issue or hesitation for a deep ball a few series later",analysis,"medical claim but tied to a specific Nabers play (went up for a deep ball a few series later); evidence is a concrete observation, so evidence wins",analysis,ff_top_week,1,/r/fantasyfootball/comments/1wmykqd/malik_nabers_says_his_shoulder_was_dislocated_and/pbec6ag/
"Tbf, there were like a half dozen times he made a perfect pass and the nobodies who have no hands at all could not make plays.",hot_take,,hot_take,ff_top_week,17,/r/fantasyfootball/comments/1wlvy67/justin_herbert_starts_02_with_oc_mike_mcdaniel/pb2r3fk/
To be fair Monty’s meniscus trim from 2 years ago didn’t seem to have a lasting effect on him. He had the meniscus trim after a minor tear in week 15 and was back for the divisional round (and he may have been able to come back for the wild card round but the Lions were the #1 seed so they had a bye that round),analysis,,analysis,ff_top_month,47,/r/fantasyfootball/comments/1wbwfpp/raiders_allpro_and_pro_bowl_te_brock_bowers/p8tc7s2/
"they do, which is fine too. Make them fuck up their roster",reaction,,reaction,ff_hot,10,/r/fantasyfootball/comments/1wowlhj/hughes_harbaugh_giants_will_add_another_qb_havent/pbrax6d/
Sun god and adams here. Riding this high until puka comes back and adams goes back to putting up 5 points like weeks 1 lol.,reaction,,reaction,ff_hot,8,/r/fantasyfootball/comments/1wojgb4/mcvay_said_puka_nacua_does_not_have_a_hernia_but/pbnv4f0/
"On the contrary, I love when I have like Parker Washington lined up across from CD Lamb and they end up scoring roughly the same on Thursday night. Then I have Chase in my flex against Harrison or like RJ Harvey and Chase outscores them by 25.",reaction,label set by Pop's blind pass,reaction,ff_top_month,8,/r/fantasyfootball/comments/1waqtma/annual_reminder_to_use_your_flex_spot_for_your/p8m8u1v/
He came back and did absolutely nothing. He was clearly not healthy after he came back in and it wouldn’t be surprising at all if he missed next week’s game.,hot_take,,hot_take,ff_top_week,6,/r/fantasyfootball/comments/1wmykqd/malik_nabers_says_his_shoulder_was_dislocated_and/pbazjoc/
"Yeah it's not the receiver that's the issue. Bryce held him back all year, probably my hardest player to watch last year because he was always open and Bryce would just miss him. Maybe he took a big step forward this year but I just wasn't willing to see with where Tet ended up. Coker was free though kudos to whoever got him, hope he has a good year.",hot_take,relabeled under Rule A/B,analysis,ff_top_month,5,/r/fantasyfootball/comments/1wfkcob/the_current_wr1_in_fantasy_jalen_coker_finishes/p9o1ham/
"Not to be that guy but if you have a strained groin that has lingered since week 1 in the preseason, I find it hard to believe it’s not a sports hernia Marshawn lynch also “didnt have a sports hernia” in 2015 then suddenly needed surgery",analysis,label set by Pop's blind pass,analysis,ff_hot,18,/r/fantasyfootball/comments/1wojgb4/mcvay_said_puka_nacua_does_not_have_a_hernia_but/pbnji7x/
"Sort of, but it also means you can trust Chase to turn it around more than Loveland",hot_take,,hot_take,ff_top_month,4,/r/fantasyfootball/comments/1wfj4j1/colston_loveland_in_his_projected_te3_debut_0/p9o50qd/
"Idk what else people expected. Herbert hasn’t been anything more than a bottom tier fantasy starter since his rookie/sophomore year. And he’s one of the steadiest, healthiest QBs. Because he’s so steadily mediocre rain or shine, you can’t even use him to exploit a matchup or a good stretch of health or a weak schedule.",hot_take,"""bottom tier starter since his rookie year"" is checkable but asserted with no citation",hot_take,ff_top_week,34,/r/fantasyfootball/comments/1wlvy67/justin_herbert_starts_02_with_oc_mike_mcdaniel/pb28d32/
"Imagine getting hurt at your physical job and then every random gambling addict/alcoholic in the world that has never done your job before is on Reddit, Facebook, and X making fun of you.",reaction,label set by Pop's blind pass,reaction,ff_top_week,3,/r/fantasyfootball/comments/1wju3zp/update_wr_nico_collins_is_not_practicing_friday/parhpit/
The list of teams that should be in on a MHJ trade is “most of them” honestly,reaction,relabeled under Rule A/B,hot_take,ff_top_week,12,/r/fantasyfootball/comments/1wmc6f3/marvin_harrison_jr_finished_without_a_reception/pb5sec5/
But he's also fucking undroppable because he's fucking WR1 with always projected double digit scores and you start him and he gets you 5 points (half PPR) but as soon as you drop him another team picks him up on waivers and then he gets 9 catches for 2 TDs 😭,reaction,"venting in tone but ""undroppable"" is a durable claim, so step 1 sends it past reaction | label set by Pop's blind pass",hot_take,ff_hot,12,/r/fantasyfootball/comments/1wolgrj/what_slow_starts_are_we_more_concerned_about/pbop8hz/
Well London will get a boost with Penix comin get back but Egbuka..... yea...,reaction,relabeled under Rule A/B,hot_take,ff_hot,9,/r/fantasyfootball/comments/1wolgrj/what_slow_starts_are_we_more_concerned_about/pbo3ra5/
Yep started AJ over Rice and Coker.,reaction,,reaction,ff_top_month,3,/r/fantasyfootball/comments/1wfkcob/the_current_wr1_in_fantasy_jalen_coker_finishes/p9n1kse/
Same. Dropped him yesterday when I was 1 over IR bc he and Puka were both 'not out'.... Tried to pick up Tre but another guy vultured him before I could figure out who else to drop.,reaction,,reaction,ff_recent_comments,1,/r/fantasyfootball/comments/1wp0fbg/early_candidates_for_rage_drop_of_the_year/pbrkwpg/
The Jameis Winston special baby,reaction,label set by Pop's blind pass,reaction,ff_hot,3,/r/fantasyfootball/comments/1wo9ydc/rapoport_giants_qb_jaxson_dart_is_expected_to/pblc756/
Personally tired of this narrative. Trey McBride dominates there and Michael Wilson was like WR2 overall in the 2nd half of the season last year? If Marv was good he’d score more than he is regardless,analysis,,analysis,ff_top_week,18,/r/fantasyfootball/comments/1wnl41u/cardinals_coach_mike_lafleur_met_the_idea_of/pbhnw1m/
I drafted Brock Bowers in my league and then picked up Kincaid when Bowers was marked as Out. Now I’m wondering if I even go back to Bowers when he’s back…. Also debating if I trade Bowers and try to get value at a different position…,reaction,,reaction,ff_top_week,52,/r/fantasyfootball/comments/1wjnh0r/barnwell_73_percent_route_share_for_dalton/pajw9pr/
"Ah, smart to do that while losing regular season games. I wish the league would add some sort of period before the season starts where teams get time to practice stuff like that.",reaction,label set by Pop's blind pass,reaction,ff_top_month,27,/r/fantasyfootball/comments/1wm29l3/colston_loveland_heats_up_for_13_vs_vikings/pb5kwaq/
He was actually throwing some good blocks last night too. Aside from injuries his blocking was the other thing that kept him off the field in his first few seasons. If he keeps blocking like that they won't be able to take him off the field much.,hot_take,relabeled under Rule A/B,analysis,ff_top_week,6,/r/fantasyfootball/comments/1wjnh0r/barnwell_73_percent_route_share_for_dalton/pakodjj/
Anyone who thinks Drafting a kicke before the last 3/4 rounds is okay is in shambles at this post,hot_take,,hot_take,ff_top_month,63,/r/fantasyfootball/comments/1wh643i/35_of_brandon_aubrey_owners_lost_their_matchup/p9zv4ol/
He's gone. I gave him 2 weeks. The team had the entire off-season to work him into their plans. It's a new coaching staff and Marv was healthy throughout training camp. They've clearly demonstrated that he's an afterthought.,analysis,,analysis,ff_hot,27,/r/fantasyfootball/comments/1wp0fbg/early_candidates_for_rage_drop_of_the_year/pbr8ss3/
"I'd expect Raymond's share to drop down a bit, but all offseason, the whole team has been talking him up, and now he has 9 targets week 1. The spreading the ball out isn't a surprise, that was the story last year too. You don't draft a WR and TE day 2 and bring in Raymond, if you're just gonna feed your stars. Especially when you have the Bears needs at defense. Wouldn't be surprised if everyone (Burden, Rome, Loveland Raymond) having 4-6 targets per game most games, with one or two guys a week randomly getting 9+ targets.",analysis,,analysis,ff_top_month,6,/r/fantasyfootball/comments/1wfj4j1/colston_loveland_in_his_projected_te3_debut_0/p9nc5m5/
"I can't believe I'm not in that thread. Must have missed it. I have so many comments from back then talking about how the Bills are moving to a Sean Payton style offense which is always top 5 in passing (Allen had career low drop backs last season) and features a Joker TE that Kincaid profiles as, and has strong potential to lead the team in targets even with Moore there. As long as he stays healthy (and the PCL seemed to be behind him) he was going to smash. He's the best pass catcher on the Bills. He'd already be a star if it weren't for the PCL. I also said this is likely what the Bills defense looks like with McD gone. They aren't trying to slow the game and overall possessions down like before with McD's zone scheme (Bills drives per game has trended down last 2 seasons), and they would likely struggle early on. Got some good laughs this week listening to FF analysts saying he's a sell candidate based on narratives from last season.",analysis,,analysis,ff_top_week,4,/r/fantasyfootball/comments/1wjnh0r/barnwell_73_percent_route_share_for_dalton/pakaxja/
"Yeah I was excited about my Dart, Nabers and Likely stack. Big loss.",reaction,label set by Pop's blind pass,reaction,ff_hot,32,/r/fantasyfootball/comments/1wo9ydc/rapoport_giants_qb_jaxson_dart_is_expected_to/pbl8q0s/
"It’s literally week two, the people that were unhappy before last night had a whopping sample of one game. Not to say Adams is a league winner but it’s not like he’s been a desert for 10 weeks. It’s week two.",hot_take,"the argument IS the sample-size point (one game vs ten weeks), which is specific and checkable | label set by Pop's blind pass",analysis,ff_top_week,5,/r/fantasyfootball/comments/1wnhx7t/schefter_further_testing_today_revealed_giants_qb/pbf8ux9/
I was down by 38 and he scored 39 for me. Wonderful day,reaction,"STAT-FLAVORED: ""down by 38, scored 39"" - the numbers are the payoff of the story | label set by Pop's blind pass",reaction,ff_top_month,2,/r/fantasyfootball/comments/1wn68e9/davante_adams_goes_nuclear_8_for_195_and_2_tds_in/pbdgfbg/
I live it up a bit and screw with my league by sticking my top players in flex!,reaction,,reaction,ff_top_month,1,/r/fantasyfootball/comments/1waqtma/annual_reminder_to_use_your_flex_spot_for_your/p8yf507/
"They have at times; however: Evans had 1,500 yards and 8 TDs with a combo of Jameis Winston and Ryan Fitzpatrick. Davonte Adams had 1,500 yards and 14 TDs with Derek Carr and Stidham. AJ Brown had 1,100 yards and 11 TDs (in 14 games) with Ryan Tannehill. Metcalf had 1,100 yards and 8 TDs with Geno Smith. McLaurin had 1,200 yards and 5 Touchdowns TDs with Taylor Heinke, Carson Wentz, and Sam Howell. I’m not saying Harrison sucks or he can’t improve from here, but while some of these WRs played with great QBs at some point, they also produced with QBs as bad or worse than Kyler and Brisset.",analysis,,analysis,ff_top_week,12,/r/fantasyfootball/comments/1wnl41u/cardinals_coach_mike_lafleur_met_the_idea_of/pbgihqa/
"Yeah, players with torn ACLs have walked off the field under their own power before. Sure, it's better that they walk off than getting carted off, but it doesn't mean they're good.",hot_take,,hot_take,ff_top_week,43,/r/fantasyfootball/comments/1wnhx7t/schefter_further_testing_today_revealed_giants_qb/pbf2j5n/
Loveland. I always draft two TEs for insurance but decided I didn't need to do that this year because I had an elite option and could use the extra bench spot on an RB. T. Ferguson now looking awfully intriguing on the waiver wire...,reaction,,reaction,ff_hot,13,/r/fantasyfootball/comments/1wp0fbg/early_candidates_for_rage_drop_of_the_year/pbre988/
"On the waivers in my TE/flex league (no designated TE), picked him up and started him. Hope it's enough to salvage the worst auction team I've ever put together 😂",reaction,,reaction,ff_top_week,2,/r/fantasyfootball/comments/1wjnh0r/barnwell_73_percent_route_share_for_dalton/pak95vk/
"2006 LT is probably the 2nd greatest Fantasy Season of all time. The only surpassing it was 1961 George Blanda who was the highest scoring fantasy player of that year. But what pushed him over the edge of being the best Fantasy season of all time was that he was both the QB and Kicker for his team which meant he was eligible to be played from the Kicker slot and averaged you 26.6 ppg, while still getting to play a whole other QB in your QB slot. Completely gamebreaking.",analysis,,analysis,ff_top_month,9,/r/fantasyfootball/comments/1wivs0o/cmc_look_at_some_of_the_duos_last_year_like_bijan/pafbaq7/
"Yeah, Jameis is good for fantasy WR. Especially WR1. Dude gives 0 fucks and just chucks the ball to your wideout if he’s open or not. I think Nabers will put up crazy numbers now",hot_take,,hot_take,ff_top_week,13,/r/fantasyfootball/comments/1wnhx7t/schefter_further_testing_today_revealed_giants_qb/pbf33xd/
"Dropped Dobbins this week I want nothing to do with the broncos backfield, let em clog up someone else’s roster",reaction,relabeled under Rule A/B,hot_take,ff_recent_comments,1,/r/fantasyfootball/comments/1wp0fbg/early_candidates_for_rage_drop_of_the_year/pbris74/
"Same except I'm 1-1 in a 10 team league and I have Zay, Devonta, Waddle, Washington locked and loaded Only regret I had was not going with ARSB 3 years in a row but what can ya do",reaction,,reaction,ff_hot,2,/r/fantasyfootball/comments/1woqcbr/mcvay_on_the_status_of_puka_for_snf_against/pbp5wx3/
That Tuesday morning rage drop is going to hit like crack,reaction,,reaction,ff_top_week,166,/r/fantasyfootball/comments/1wlvy67/justin_herbert_starts_02_with_oc_mike_mcdaniel/pb2bgzf/
"Fuck you Seahawks. Congrats on the SB Win, but seriously fuck you for the terrorism you did last season. Had KW3 last season and this season and it's wild how having a coaching philosophy of putting Charb in for 3/4th the plays and RZ makes a drastic difference to you know..not doing that..... I expect KW3 to go down with a foot injury by game 5 and a multi week IR though.",reaction,"HARD: rant that ends in a prediction (""down by game 5""), but the prediction is a curse, not a claim being defended",reaction,ff_top_month,2,/r/fantasyfootball/comments/1wgom15/kenneth_walker_chiefs_debut_most_rushing_yards_by/p9w1l6z/
"When the Chargers figured out how to use him, he dominated. He just couldn’t shake injuries (if we’re talking about Clemson Mike Williams)",hot_take,,hot_take,ff_top_week,2,/r/fantasyfootball/comments/1wmc6f3/marvin_harrison_jr_finished_without_a_reception/pb6z9la/
Gimme Joe Flacco back with Harbaugh,hot_take,label set by Pop's blind pass,reaction,ff_top_week,15,/r/fantasyfootball/comments/1wns0wr/giants_best_bet_is_to_commit_all_their_firstteam/pbhi44i/
I actually think the backup will be better for him. The kid doesn’t have Caleb’s legs so he’ll have to make things work in the pocket and the bears have a good o line. He will actually need to rely on his weapons and not play hero. I’m cautiously optimistic and willing to give Loveland one more week before I set sail to waivers,hot_take,relabeled under Rule A/B,analysis,ff_top_month,11,/r/fantasyfootball/comments/1wm29l3/colston_loveland_heats_up_for_13_vs_vikings/pb3q6da/
I’m really thinking about just putting in Coker to not risk it,reaction,,reaction,ff_top_week,3,/r/fantasyfootball/comments/1wkttdn/puka_nacua_wont_practice_for_a_second_straight/paulg6k/
My favorite part of the season is the draft. So much hope. So much optimism. It's all downhill from there,reaction,,reaction,ff_top_month,6,/r/fantasyfootball/comments/1wcz9d0/aj_brown_ankle_is_expected_to_miss_at_least_4/p9220pb/
Surtain is still Surtain but Davante should still get more opportunities with Puka out. Opportunity = potential points.,hot_take,relabeled under Rule A/B,analysis,ff_new,3,/r/fantasyfootball/comments/1wozayz/wide_receivercornerback_charts_week_3/pbr1o6s/
"He is a bum. Doesn't make much sense, but it can't be argued. Some guys just don't adjust to the level of work needed to be a pro. In college, there is an entire staff of people making sure you do the little non football things correctly. In the pros, you have to do a lot more of that yourself. A lot of guys don't make that adjustment, and they really struggle in the pros despite making it look easy in college. I think the only hope for him is getting traded to a team that already has a proven vet, and hopefully he can learn from that and salvage a career.",hot_take,"general mechanism about college-to-pro adjustment, zero evidence for this player",hot_take,ff_top_week,1,/r/fantasyfootball/comments/1wmc6f3/marvin_harrison_jr_finished_without_a_reception/pb5v935/
"Get ready for some 375 yard, 3 TD/4 INT games. lmao",hot_take,invented stat line used as a punchline | label set by Pop's blind pass,hot_take,ff_top_week,27,/r/fantasyfootball/comments/1wnhx7t/schefter_further_testing_today_revealed_giants_qb/pbf3kyg/
Not to mention the bad luck health the 9ers have had. They won’t let him go cheap at all. He was a great back up while Purdy was out last year. Though as hell too.,hot_take,,hot_take,ff_top_week,2,/r/fantasyfootball/comments/1wns0wr/giants_best_bet_is_to_commit_all_their_firstteam/pbkhybr/
London great but the team is too bad,hot_take,,hot_take,ff_hot,15,/r/fantasyfootball/comments/1wosfns/more_of_mcvay_today_on_puka_its_like_some_of_the/pbpnv4g/
This is my concern lol His first throw was a well drawn up screen play where there was a blitz coming but if he finds the RB they may even get the first and he had the worst screen throw I’ve ever seen that I think may have just been a spike to kill the play but that might be generous,analysis,,analysis,ff_hot,5,/r/fantasyfootball/comments/1wo9ydc/rapoport_giants_qb_jaxson_dart_is_expected_to/pblx81k/
Plus he was thrust into playing on the road at the Rams. Not exactly an easy situation to be successful in. Jameis should see better days.,analysis,,analysis,ff_top_week,15,/r/fantasyfootball/comments/1wnhx7t/schefter_further_testing_today_revealed_giants_qb/pbfmxk8/
"They mentioned on the broadcast too, he had a bad drop and they made it a point to go right back to him and even give him the TD. That shows they believe in him and want him included",reaction,label set by Pop's blind pass,analysis,ff_hot,3,/r/fantasyfootball/comments/1wojgb4/mcvay_said_puka_nacua_does_not_have_a_hernia_but/pbnriwl/
"Looked back at a Mock draft of mine and I took MHJ and Carnell Tate at the 5/6 turn. Ended up going Parke in real life. This is why we mock. Also MHJ has become a roster clogger. Can't start him, but you don't want to drop him. Probably is droppable though.",hot_take,,hot_take,ff_top_week,25,/r/fantasyfootball/comments/1wmc6f3/marvin_harrison_jr_finished_without_a_reception/pb5mces/
Got him for a $1 in my auction league and was shocked no one else bid on him after I nominated him,reaction,,reaction,ff_top_week,4,/r/fantasyfootball/comments/1wjnh0r/barnwell_73_percent_route_share_for_dalton/pak7ms8/
"I think it's tougher to compare QB busts to any other position. QB is far more dependent on every other player on the field, plus the play calling and coaching. With how difficult the position is, it's less surprising to see guys like Darnold, Bryce Young, Jared Goff and Trevor Lawrence start to play their best football 4, 5 or 6 years into their careers. There really aren't as many examples of WRs who struggled until going to a new team. Thus why the 525 rule usually holds true.",analysis,,analysis,ff_top_week,12,/r/fantasyfootball/comments/1wmc6f3/marvin_harrison_jr_finished_without_a_reception/pb6b5jc/
One of my leagues switched to a 2nd FLEX this year and I got a little risky and drafted Bowers + McBride. Hopefully Bowers can stay healthy and it pays off,reaction,,reaction,ff_new,1,/r/fantasyfootball/comments/1wp11c4/top_24_tight_end_rankings_for_week_3/pbrgdnt/
"Yeah he was definitely seen on the level of guys like Chase, Julio, AJ Green, etc as a prospect. Interesting though if you look at WRs drafted in the top 6 since 2000 there are almost as many whiffs as hits. 8 Hits: (Draft Yea /Prospect) 2003/ 3/ Andre Johnson 2004/ 3/ Larry Fitzgerald 2007/ 2/ Calvin Johnson 2011/ 4/ A. J. Green 2011/ 6/ Julio Jones 2015/ 4/ Amari Cooper 2021/ 5/ Ja'Marr Chase 2021/ 6/ Jaylen Waddle 6 Misses: (Draft Yea /Prospect) 2000/ 4/ Peter Warrick 2003/ 2/ Charles Rogers 2005/ 3/ Braylon Edwards 2012/ 5/ Justin Blackmon 2014/ 4/ Sammy Watkins 2017/ 5/ Corey Davis",analysis,,analysis,ff_top_week,5,/r/fantasyfootball/comments/1wmc6f3/marvin_harrison_jr_finished_without_a_reception/pb8ezv6/
"That's the thing. These big, old school X receivers always play a role regardless of if they are getting targets or not. In alot of cases you go up against the defenses best corner. You have to be the one who can consistently beat press, etc. These teams aren't just going to give these guys up for nothing. It's the hardest WR position/archetype to become a consistent producer from because of this, and the funny thing is that vaunted 2024 class was chock full of them. MHJ, Rome, BTJ, AD Mitchell. Prior to that, the NFL started to become littered with the more slender 6'0""-6'2"" receiver with aligility who can play X in stretches but move around a ton to slot and flanker.",analysis,,analysis,ff_top_week,14,/r/fantasyfootball/comments/1wnl41u/cardinals_coach_mike_lafleur_met_the_idea_of/pbgguc4/
"There is a long chain of events that need to happen for any pass catcher to score fantasy points. 1. Snaps (be on the field) 2. Run a route (the best pancake block in the world won't score a fantasy point) 3. Be targeted 4. Catch the ball. One point. 5. You get points for how far down the field you are when you catch the ball. (ADOT) 6. Run more. (YAK) 7. Maybe score a TD. The further along the chain you are, the less predictive the information becomes. TDs have the most variation week to week and season to season. The most predictive stats are at the beginning of the chain. Players that play every snap will continue to do so. This was a long way of saying that Colston Loveland ran more routes today than any other Bears pass catcher. Not only is he on the field, but he is spending those snaps as a receiver rather than a blocker. He will be just fine.",analysis,,analysis,ff_top_month,44,/r/fantasyfootball/comments/1wfj4j1/colston_loveland_in_his_projected_te3_debut_0/p9mlvoa/
Henderson and don’t think twice.,hot_take,,hot_take,ff_hot,3,/r/fantasyfootball/comments/1wp0fbg/early_candidates_for_rage_drop_of_the_year/pbrarw0/
"Yea that first TD was nuts, the throw was like almost two feet above him and the dude went up and got that shit",reaction,,reaction,ff_top_month,3,/r/fantasyfootball/comments/1wn68e9/davante_adams_goes_nuclear_8_for_195_and_2_tds_in/pbdao7b/
"All I know is the offense put up 50+ points and didn’t even think about this guy. Either they’re trolling us or he’s just not part of the game plan. This is a red flag, if next week Chicago has another big game like this and he’s not involved, we know what it is Edit - The highest scoring game in week 1 of NFL history and they didn’t even give him one catch. Literally a 0.",analysis,label set by Pop's blind pass,analysis,ff_top_month,68,/r/fantasyfootball/comments/1wfj4j1/colston_loveland_in_his_projected_te3_debut_0/p9mlsgb/
Stafford probably will not throw 46 TDs again and Adams caught 14. If first game is any indication of future usage Adams was not on the field for 1 WR sets in near the goaline. The cuts into his TDs as well. I think he can be a top 15-18 guy but not top 10 IMO,analysis,,analysis,ff_top_month,3,/r/fantasyfootball/comments/1wn68e9/davante_adams_goes_nuclear_8_for_195_and_2_tds_in/pbcee56/
"He’s started 11 games in the last 2 seasons and was a QB1 in 5 of them. Last year he had a game with 366 yards and 2 TDs, so there could still be something in there regardless of how bad he looked last night. Obviously still a massive fantasy hit to all giants, but I don’t think it’s completely hopeless",analysis,,analysis,ff_top_week,4,/r/fantasyfootball/comments/1wnhx7t/schefter_further_testing_today_revealed_giants_qb/pbf6j02/
"As someone who has both on his dynasty team, this is the most painful truth I experience in fantasy",reaction,,reaction,ff_hot,10,/r/fantasyfootball/comments/1woh7oy/dj_moore_update_dj_moore_says_he_feels_great_and/pbn476f/
"Like I get he’s been a backup for a while now, but man he’s 32. He’s not in the physically washed category yet. Let’s see how he rolls with a full week of practice as the starter before we overreact lol",hot_take,,hot_take,ff_top_week,6,/r/fantasyfootball/comments/1wnhx7t/schefter_further_testing_today_revealed_giants_qb/pbfk3eh/
Ferguson gets moved around a lot and is practically the 3rd WR,hot_take,relabeled under Rule A/B,analysis,ff_hot,3,/r/fantasyfootball/comments/1wojgb4/mcvay_said_puka_nacua_does_not_have_a_hernia_but/pbnpref/
"This is one of those developments that was obvious to anyone paying attention to the Bills. This was always the plan for his role, and they’re leaning even more into multiple TE sets this year (of which he’s the best receiver). It’s just that now he’s finally healthy so he can play the intended amount of snaps. If fantasy football analysts would just get off their asses and read an article or two from beat reporters instead of burying their face in numbers, his ranking would have been way higher.",analysis,,analysis,ff_top_week,1,/r/fantasyfootball/comments/1wjnh0r/barnwell_73_percent_route_share_for_dalton/pal2mp0/
Because he's good at football,reaction,relabeled under Rule A/B,hot_take,ff_top_month,8,/r/fantasyfootball/comments/1wfj4j1/colston_loveland_in_his_projected_te3_debut_0/p9moqqg/
Tore my ACL and walked it off. Painful yes but you can put weight on it Means nothing if these guys walk off/want to go back in. I remember Godwin was running routes on the sideline trying to get back in the game and turned out to be ACL,analysis,,analysis,ff_top_week,13,/r/fantasyfootball/comments/1wnhx7t/schefter_further_testing_today_revealed_giants_qb/pbf3sar/
"I had a pretty serious hernia in high school that was operated on in July and I wasnt on the field until the playoffs this was 2013 and my family was pretty well off so we had great surgeons/doctors/post care and I played for a powerhouse program with great trainers too. So that was best case scenario as it gets for that time, outside of millions of dollars worth of care and world class doctors I'm sure he'll be okay but still not good for fantasy. You can play through a hernia depending on how bad it is, but it fucking sucks",analysis,label set by Pop's blind pass,hot_take,ff_hot,1,/r/fantasyfootball/comments/1wosfns/more_of_mcvay_today_on_puka_its_like_some_of_the/pbpqjb2/
That peak was one of the greatest times of my life as a sports fan. Chargers were in the playoffs and hit the AFC championship. Angels were back in the playoffs and made the ALCS. I felt like that was going to be forever. No way the Chargers and Angels could possibly fuck up their championship windows. Right? RIGHT?! *I was so fucking wrong.*,reaction,,reaction,ff_top_month,7,/r/fantasyfootball/comments/1wivs0o/cmc_look_at_some_of_the_duos_last_year_like_bijan/pafz5a9/
Bust of the season,reaction,relabeled under Rule A/B,hot_take,ff_top_month,205,/r/fantasyfootball/comments/1wm29l3/colston_loveland_heats_up_for_13_vs_vikings/pb3mj4o/
"Now that’s an interesting theory and explains the “welcome him with open arms” line. Because that is a strange line for an injury, of course you’d welcome him back with open arms once he’s healthy. But if he made the team mad like let’s say for example all of a sudden sitting out for contract reasons right as the season starts then the “welcome him back open arms” line makes more sense.",hot_take,,hot_take,ff_hot,1,/r/fantasyfootball/comments/1woqcbr/mcvay_on_the_status_of_puka_for_snf_against/pbrilwq/
"This is one of the things that makes fantasy so infuriating at times. There's a decent chance Black outscores Achane this week. But 99% of people (correctly) wouldn't dare starting Black over Achane bc if you do and Achane goes off while Black has like 8 carries for 50 yards and no TD, you'll feel like such an idiot lol",hot_take,"genuinely argued reasoning about regret risk, but the numbers are hypothetical, so no checkable support",hot_take,ff_top_month,3,/r/fantasyfootball/comments/1wivs0o/cmc_look_at_some_of_the_duos_last_year_like_bijan/padox4n/
I will not conform to logic. My flex spot is used as a reminder to my fringe players that being rostered is rented not bought. And rent is due every week on my lineup.,reaction,,reaction,ff_top_month,3109,/r/fantasyfootball/comments/1waqtma/annual_reminder_to_use_your_flex_spot_for_your/p8k65fc/
Lol I’m sure there are multiple qbs in the waiver better than nix in that and most leagues,reaction,relabeled under Rule A/B,hot_take,ff_top_week,4,/r/fantasyfootball/comments/1wnhx7t/schefter_further_testing_today_revealed_giants_qb/pbfir3e/
"Hate to sit any of them but gonna have to go with Tet. Washington is too good to sit and Watson’s target % is absurd, plus it’s a good matchup against ATL",analysis,,analysis,ff_recent_comments,1,/r/fantasyfootball/comments/1woykm6/official_wdis_wr_thu_09242026/pbrjrcw/
Loveland is killing me and I don't think it will get better with T Bag under center,reaction,relabeled under Rule A/B,hot_take,ff_hot,15,/r/fantasyfootball/comments/1wolgrj/what_slow_starts_are_we_more_concerned_about/pboej2w/
"Took him 1.5 as well, if my first rounder gives me first round value I'm happy, even if he's not a top 5 fantasy scorer. First round picks end up finishing outside the top 12 in fantasy at times so this is good. The league I took him in goes HEAVY RB in the draft too so I'm not mad haha",hot_take,"""first round picks finish outside the top 12 at times"" is a real base rate but stated vaguely, so decorative rather than supporting",hot_take,ff_top_month,6,/r/fantasyfootball/comments/1wivs0o/cmc_look_at_some_of_the_duos_last_year_like_bijan/pae0du6/
"Do not do it. They're playing the Bills who have a nice pass rush now. Herbert stinks, start Bryce",hot_take,"""nice pass rush"" is a named matchup but vague; ""Herbert stinks"" is doing the actual work",hot_take,ff_hot,1,/r/fantasyfootball/comments/1wp0fbg/early_candidates_for_rage_drop_of_the_year/pbrfrjm/
"I've been trying to trade for Puka, but guy who has him says he will only trade him for someone drafted before him (Gibbs, Bijon, and Chase). Apparently some think he still has ELITE value.",reaction,,reaction,ff_hot,12,/r/fantasyfootball/comments/1woqcbr/mcvay_on_the_status_of_puka_for_snf_against/pbp40aw/
"Definitely Gadsden. Keenum may start this week. Keenum may choose to feed Loveland, but we have no way of knowing that.",hot_take,,hot_take,ff_new,1,/r/fantasyfootball/comments/1wp0fmm/dynatyze_startsit_qb_and_te_edition/pbrj805/
Deservedly so. #1 tight end off the board had knee surgery right before the season started and no one knew shit. Insane,reaction,,reaction,ff_top_month,477,/r/fantasyfootball/comments/1wbwfpp/raiders_allpro_and_pro_bowl_te_brock_bowers/p8tagte/
"Yeah but he’s clearly very unsatisfied with his role on the team and therefore not giving a shit You can think whatever you want about him, but in his rookie season and even last year he at least looked like an NFL WR. This year he’s just jogging out there",hot_take,,hot_take,ff_top_week,49,/r/fantasyfootball/comments/1wnl41u/cardinals_coach_mike_lafleur_met_the_idea_of/pbgfnyk/
Feel you brother. I have both Burden and Loveland in two leagues.,reaction,,reaction,ff_hot,11,/r/fantasyfootball/comments/1wp0fbg/early_candidates_for_rage_drop_of_the_year/pbr9err/
"Before the Likely truthers declare victory, as someone who has been burned in the past, would like to caution restraint. Some of us spent a lot of FAAB on him the year he “broke out”. The guy has had some historic weeks in the past and so we have no idea if what we saw in Week 1 was a sign of things to come or an outlier week. The guy definitely has talent and he’s in a new situation but I also wouldn’t be surprised if he settles in as a mid - back end TE1 rather than a high end TE1.",hot_take,relabeled under Rule A/B,analysis,ff_top_month_selftext,1095,/r/fantasyfootball/comments/1wgfon9/reminder_that_in_week_1_of_2024_isaiah_likely_had/
Yeah I wouldn’t be surprised if that was the main reason. Dude’s foot was bent the wrong way almost a year ago now I wouldn’t be surprised if he wanted him to take it easy in a game they were struggling to move the ball,hot_take,,hot_take,ff_hot,15,/r/fantasyfootball/comments/1wo9ydc/rapoport_giants_qb_jaxson_dart_is_expected_to/pblhkwj/
Over Waddle. Not that I don’t like Waddle this year but Tae feels safer to me.,hot_take,"""feels safer to me"" is the whole argument",hot_take,ff_top_month,2,/r/fantasyfootball/comments/1wn68e9/davante_adams_goes_nuclear_8_for_195_and_2_tds_in/pbfk2h4/
Healthiest QBs lol 💀,reaction,label set by Pop's blind pass,reaction,ff_top_week,27,/r/fantasyfootball/comments/1wlvy67/justin_herbert_starts_02_with_oc_mike_mcdaniel/pb29bpz/
"The Malachi Fields drop was so demoralizing. It was on Winston’s 2nd drive, he threw a deep bomb and hit Fields who just dropped it. The Giants OL didn’t hold up. I hope they stick with him",reaction,"HARD: specific play described in detail, but it never becomes a claim - it is dismay plus a hope",reaction,ff_top_week,7,/r/fantasyfootball/comments/1wns0wr/giants_best_bet_is_to_commit_all_their_firstteam/pbhupo7/
I have Dart in all my leagues. I'm in trouble.,reaction,label set by Pop's blind pass,reaction,ff_top_week,9,/r/fantasyfootball/comments/1wnhx7t/schefter_further_testing_today_revealed_giants_qb/pbf4phc/
My friend had this issue and it just kept dislocating until he got the surgery. I would imagine the chances are very high given what he does that it happens several more times.,reaction,label set by Pop's blind pass,hot_take,ff_top_week,1,/r/fantasyfootball/comments/1wmykqd/malik_nabers_says_his_shoulder_was_dislocated_and/pbb5431/
"None of the big 3 (Rome,Loveland, Burden) went off in a high scoring affair. I’ll write this one off as the game plan allowing the lesser threats on the Bears offense to run free.",analysis,,analysis,ff_top_month,326,/r/fantasyfootball/comments/1wfj4j1/colston_loveland_in_his_projected_te3_debut_0/p9mjy1x/
"Such extreme cope. Now MHJ can’t play as the boundary WR and that’s the schemes fault? Did you see DA the past two years? He’s literally the X in a Mcvay scheme… the Z is the focal point, but they’ve clearly chosen to give their more versatile, more competent, and more expensive WR that role.",reaction,label set by Pop's blind pass,analysis,ff_top_week,12,/r/fantasyfootball/comments/1wnl41u/cardinals_coach_mike_lafleur_met_the_idea_of/pbfwhd3/
Bijan still worked the Pitts defense today. He might not drop 50 burger as someone else suggested but I’ll be surprised if he isn’t the #1 RB for next week.,hot_take,,hot_take,ff_top_month,57,/r/fantasyfootball/comments/1wfj4j1/colston_loveland_in_his_projected_te3_debut_0/p9mwkgm/
"Go back in time a few days and sell high on Likely. Really though, I think it’s too early to panic. Jameis looked atrocious last night but maybe he can still be productive with better prep as the starter. I’m probably just coping though because I also have both in my league.",reaction,label set by Pop's blind pass,hot_take,ff_top_week,11,/r/fantasyfootball/comments/1wnhx7t/schefter_further_testing_today_revealed_giants_qb/pbf6a8p/
"At the time I was confused as to why he went ahead of Tyler Warren in the draft, but as time has gone on, and he’s settled in, I’ve still been really confused.",reaction,,reaction,ff_top_month,1,/r/fantasyfootball/comments/1wm29l3/colston_loveland_heats_up_for_13_vs_vikings/pb5iy51/
"Q Johnston. Not exactly high hopes for him coming in, but kinda thought Chargers would make him flex worthy \*this year.",reaction,,reaction,ff_hot,182,/r/fantasyfootball/comments/1wp0fbg/early_candidates_for_rage_drop_of_the_year/pbr88yp/
The guy who drafted 3 QBs in the first 4 rounds in my league picked this dude up off FA and started him in flex this week. MEANWHILE: I had Christian Watson in my starting lineup all week and benched him for Skattebo last night.,reaction,,reaction,ff_top_month,2,/r/fantasyfootball/comments/1wfkcob/the_current_wr1_in_fantasy_jalen_coker_finishes/p9mx21m/
"I think 3-6 games is the worst case timeframe for fantasy lineups. If the initial estimate was any more than that, they’d place him on IR immediately, which helps fantasy managers out in IR leagues because there’s no guessing game. He just gets parked in IR until activation. When it’s 3 games on the low end, the team has an incentive to keep him off IR, which means every Tuesday he goes back to Q and fantasy managers have to burn a roster spot on him until he’s ruled out (sometimes Friday, sometimes 90 minutes before kickoff). Except sometimes after 2-3 weeks of that nonsense, when it’s clear the player is nowhere close, *then* they put him on IR. One bit of good news is that the Pats’ bye isn’t until Week 11, so there won’t be any of that “eh let’s give him another week of rest before the bye” bullshit.",analysis,,analysis,ff_top_month,25,/r/fantasyfootball/comments/1wcz9d0/aj_brown_ankle_is_expected_to_miss_at_least_4/p9218ye/
The counterpoint to the counterpoint is he just ran for 173 yards on 23 carries against one of the best defenses in the NFL (even though they looked awful tonight). I think you can safely pencil him in for 17-25 carries a game.,analysis,,analysis,ff_top_month,18,/r/fantasyfootball/comments/1wgom15/kenneth_walker_chiefs_debut_most_rushing_yards_by/p9w4jil/
"I made a move specifically so I didn’t have to start Wan’Dale anymore. I’m keeping him for now just in case Ward just suddenly figures it out one week, but I’m not holding my breath.",reaction,,reaction,ff_hot,1,/r/fantasyfootball/comments/1woy9hn/ten_nyg_is_becoming_the_weather_game_to_watch/pbr4m61/
Dude Harvey is severely undervalued. He had 12 TDs last year. If you have number one priority I wouldn’t use it. But a later priority then yes if you have the room to wait on your bench.,analysis,,analysis,ff_hot,3,/r/fantasyfootball/comments/1woeh1z/rb_jonah_coleman_is_dealing_with_a_sprained_ankle/pbmegqw/
"If u go hero RB say, and that rh going down will completely tank your season, and you think the handcuff is good enough to more or less step in 1:1 to the same role at 75 cents on the dollar and it won't be some weird awful in effective committee like green bay rn than yes I say get that cuff",hot_take,relabeled under Rule A/B,analysis,ff_top_month,5,/r/fantasyfootball/comments/1wgom15/kenneth_walker_chiefs_debut_most_rushing_yards_by/p9w7y6x/
I took Kincaid as a backup after LaPorta and drafted Kenneth Walker as a flex. Now I already got a trade flipping LaPorta and Chase Brown for JSN. Feels like I've fleeced my whole league,reaction,label set by Pop's blind pass,reaction,ff_top_week,1,/r/fantasyfootball/comments/1wjnh0r/barnwell_73_percent_route_share_for_dalton/pakyc8i/
The one year I get in on puka hahaha and it’s in my big money league,reaction,,reaction,ff_hot,3,/r/fantasyfootball/comments/1wosfns/more_of_mcvay_today_on_puka_its_like_some_of_the/pbpura1/
Madison sucked all the talent out of him its over guys,reaction,label set by Pop's blind pass,hot_take,ff_top_week,1172,/r/fantasyfootball/comments/1wlvy67/justin_herbert_starts_02_with_oc_mike_mcdaniel/pb26b7o/
"It seems pretty obvious as training and techniques and diet and supplements have all improved that the speed and power of the game is on a whole different level these days. Guys weren't super durable back then, they just didnt make cuts and take hits like they do today. And everyone is faster. Average 40 times have gone up by like 15% at all positions. Weights are largely the same. So you just have way more force flying around than you used to. I bet most of those guys look waay different if they were playing out there in their primes in 2026.",analysis,label set by Pop's blind pass,analysis,ff_top_month,7,/r/fantasyfootball/comments/1wivs0o/cmc_look_at_some_of_the_duos_last_year_like_bijan/padqdav/
Was up 123.96 to 88.98 going against Davante. Lost 124.48 to 123.96 Now 0-2 after this and my week 1 opponent scored 156 and I outscored everyone else in the league except him. Not doing great!,reaction,"STAT-FLAVORED RANT: four precise scores, all about one outcome",reaction,ff_top_month,23,/r/fantasyfootball/comments/1wn68e9/davante_adams_goes_nuclear_8_for_195_and_2_tds_in/pbchd6x/
I dropped QJ more of a I don’t believe in the chargers anymore.,reaction,,reaction,ff_hot,4,/r/fantasyfootball/comments/1wp0fbg/early_candidates_for_rage_drop_of_the_year/pbra6tc/
Im about to drop for AD mitchell. Shame cause I had hopes for the chargers offense would be good this year.,reaction,,reaction,ff_hot,5,/r/fantasyfootball/comments/1wp0fbg/early_candidates_for_rage_drop_of_the_year/pbr9snm/
This is good for his longevity (not just this season) but terrible for fantasy. You want him to score 23+ PPG with a chance of being injured over 16+ PPG with less chance of being injured. CMC owners picked him cause they want to gamble on the upside.,analysis,label set by Pop's blind pass,analysis,ff_top_month,6,/r/fantasyfootball/comments/1wivs0o/cmc_look_at_some_of_the_duos_last_year_like_bijan/padmfja/
"I like Tet alot, he was fantastic for me last year, but it's fair to say the ADP was steep this year given Coker is likely to eat into a decent amount of his target share in a pretty inconsistent offence. From a fantasy pov, it is probably more likely he stays about the same vs making a big step forward this year. If you believe the panthers are taking a step this year, then the case is much more compelling of course, but that's the gamble imo.",analysis,label set by Pop's blind pass,analysis,ff_top_month,32,/r/fantasyfootball/comments/1wfkcob/the_current_wr1_in_fantasy_jalen_coker_finishes/p9n1vft/
I was so certain in this guy at his draft spot. Hopefully they move him or something. I was watching some cardinals drives and Brisset rarely goes through progressions. I think the offense might be simple enough for him and talented enough to just pass to the first guy,analysis,,analysis,ff_top_week,32,/r/fantasyfootball/comments/1wnl41u/cardinals_coach_mike_lafleur_met_the_idea_of/pbfvjqw/
0 targets again 😎😎😎,reaction,,reaction,ff_top_week,55,/r/fantasyfootball/comments/1wkttdn/puka_nacua_wont_practice_for_a_second_straight/patdppk/
"Yeah I'm essentially hoping that Black/Monangai can create an RB2 in the aggregate for me based on matchups (lol) and maybe trade away a receiver for an upgrade around like week 4. I've got essentially 5 startable receivers so if one of them pops off, might make it. Got Kaelon for 201/100 (I outbid the next guy by 26, there were 8 bids on him)",reaction,label set by Pop's blind pass,hot_take,ff_top_month,3,/r/fantasyfootball/comments/1wivs0o/cmc_look_at_some_of_the_duos_last_year_like_bijan/padw3jv/
"Is anyone really that good or bad at it anymore? Players’ ADP have everything baked in at this point, it is 100% better to take one of the main positions and hope they break out. K and D/ST are entirely dependent on an entire unit and are highly unpredictable going into a season. I always just stream for a few weeks and then end up with an elite option at both, without wasting any draft capital.",hot_take,relabeled under Rule A/B,analysis,ff_top_month,13,/r/fantasyfootball/comments/1wh643i/35_of_brandon_aubrey_owners_lost_their_matchup/pa1avpf/
"that shoulder injury isn't going to take him out of the season. It's the type of thing where the dislocations aren't all that bad and it's easy to pop back in after the first few. I have a similar issue and just never got surgery because I don't really need it, I play hockey and the risk of dislocating that shoulder is low",hot_take,"""I have a similar issue"" is personal experience, which the vague clause covers",hot_take,ff_top_week,7,/r/fantasyfootball/comments/1wmykqd/malik_nabers_says_his_shoulder_was_dislocated_and/pbbaykw/
I dropped MHJ. He can be someone else’s problem now.,reaction,,reaction,ff_hot,1,/r/fantasyfootball/comments/1wp0fbg/early_candidates_for_rage_drop_of_the_year/pbrgyl9/
Nabers owner - we are screwed,reaction,,reaction,ff_top_week,55,/r/fantasyfootball/comments/1wnhx7t/schefter_further_testing_today_revealed_giants_qb/pbf22gy/
"I had him and rice, needed 47, got 45. Damn",analysis,"STAT-FLAVORED RANT: ""needed 47, got 45"" - numbers as the sting, not as support | label set by Pop's blind pass",reaction,ff_top_month,33,/r/fantasyfootball/comments/1wgom15/kenneth_walker_chiefs_debut_most_rushing_yards_by/p9vzkr0/
Went against Adams and Smith Njigba this week. Needless to say I lost,reaction,,reaction,ff_top_month,1,/r/fantasyfootball/comments/1wn68e9/davante_adams_goes_nuclear_8_for_195_and_2_tds_in/pbcsldq/
"Yeah but that is a poor example, due to QB situation. Stafford is one of the last QBs that can read a defense like the old helm, and he can make any and every throw, and operates well on timing, all of which a read X wr needs to excel, especially if they aren't featured. Also Adams is clearly a vet that is a proven stud. Pigeon holing a young promising wr can be just not good to their overall development.",hot_take,relabeled under Rule A/B,analysis,ff_top_week,5,/r/fantasyfootball/comments/1wnl41u/cardinals_coach_mike_lafleur_met_the_idea_of/pbg56e0/
"MHJ is certainly not a great NFL player, but Cards just had a laughably bad offensive day. Didn’t complete a pass beyond 10 yards. McBride can catch 20 balls a game if they go for 4 yards you ain’t winning shit with that type of gameplan. Cards are going to lose 10 plus games being scared of throwing the ball. Realize this a fantasy thread but holy shit LaFleur you actually do need to target your outside receiver a couple of times lol",analysis,,analysis,ff_top_week,33,/r/fantasyfootball/comments/1wnl41u/cardinals_coach_mike_lafleur_met_the_idea_of/pbfzctw/
"I think he probably does have some sort of pre-hernia injury. Whatever that could be. So the info is still actionable bc the the risk it's serious. Buy Adams, Add, T. Ferg, possibly buy the RBs.",hot_take,relabeled under Rule A/B,analysis,ff_hot,6,/r/fantasyfootball/comments/1wojgb4/mcvay_said_puka_nacua_does_not_have_a_hernia_but/pbod3hf/
"How do you not pass judgment on someone who just gives up on a team? Giving up is even worse than being trash. Opinions like this make no sense to me, Micheal Wilson and McBride have found ways to play well for the same team in the same circumstances, apparently Marvin is this uber talented player but he can’t find success because it’s Arizona’s fault? Why is it so difficult for some of you to just acknowledge maybe he just isn’t very good? He’s shown almost nothing remotely close to his top end production in college and if you watch his tape or hear people break it down it’s not good either.",hot_take,relabeled under Rule A/B,analysis,ff_top_week,79,/r/fantasyfootball/comments/1wnl41u/cardinals_coach_mike_lafleur_met_the_idea_of/pbg3egg/
"It’s amazing to me how many are asking if they should flex Rhamondre Stevenson this week. The game is Wednesday night, put him in at RB if you want to start him, but leave that flex spot open in case something happens by Sunday/Monday and you need to adjust elsewhere.",analysis,,analysis,ff_top_month,15,/r/fantasyfootball/comments/1waqtma/annual_reminder_to_use_your_flex_spot_for_your/p8k5exe/
What's the point of having one of the best backup QBs in the league if you aren't going to use him when needed?,reaction,label set by Pop's blind pass,hot_take,ff_top_week,20,/r/fantasyfootball/comments/1wns0wr/giants_best_bet_is_to_commit_all_their_firstteam/pbhgdy8/
i drafted him R1 i was acceptive of the risk due to the belief of being RB1 still think he can be but they look horrible,reaction,relabeled under Rule A/B,hot_take,ff_hot,24,/r/fantasyfootball/comments/1wolgrj/what_slow_starts_are_we_more_concerned_about/pbnzwi5/
I could see Detroit trading for James Conner or another veteran back.,hot_take,,hot_take,ff_top_month,5,/r/fantasyfootball/comments/1wivs0o/cmc_look_at_some_of_the_duos_last_year_like_bijan/padtj6c/
Thank god someone saved me from picking AJ Brown at picks 20/21 in 10 man league otherwise I'd be staring down the barrel of Brown/Bowers.,reaction,,reaction,ff_top_month,24,/r/fantasyfootball/comments/1wcz9d0/aj_brown_ankle_is_expected_to_miss_at_least_4/p921mh2/
"You forgot the 1.25 passing yds and .125 passing tds (yeah it doesn't work that way, but the fact he *also* had 2 passing TDs on top of everything else is crazy) If a **QB** averaged 25 points per week over 17 weeks you'd be over the moon, and they'd put up the 3rd best fantasy season *of all time* (8th in PPR) LT averaged 26.5 in standard and 30 in PPR... *as a RB*. It's impossible to oversell how insane that year was It was the highest scoring std season for *any* position until Lamar's 2024 (which was in 17 games), and is still the highest PPR season for any position by 10 points",analysis,,analysis,ff_top_month,11,/r/fantasyfootball/comments/1wivs0o/cmc_look_at_some_of_the_duos_last_year_like_bijan/pae9kuq/
"People panicking about the Bears and raking Caleb over the coals while praising JJM. Comments freaking out about Gibbs, Amon-Ra, and the Lions without Ben Johnson. Predictions of a top 5 season for Breece Hall and RB1 upside for Jordan Mason alongside apprehension about Achane's potential in a horrible Dolphins offense. There's some accurate stuff in there too (the JSN and Javonte praise aged well), but just a reminder that this is just one week and a lot is going to change between now and the end of the season. [",analysis,,analysis,ff_top_month_selftext,1202,/r/fantasyfootball/comments/1wfsur2/if_you_need_some_perspective_after_a_crazy_day/
"I’m slightly panicking just don’t like his injury situation. It’s super weird. Not sure what to do. Currently at 2-0 but Puka is my guy at WR. Since my WRs are Puka, Evans, Jamo, dk, Marv and Malik Washington That’s my reason why i would wanna trade him",reaction,label set by Pop's blind pass,reaction,ff_hot,2,/r/fantasyfootball/comments/1woqcbr/mcvay_on_the_status_of_puka_for_snf_against/pbp6tzq/
"ironically Wade was a god after getting his meniscus removed in college. But then started breaking down later in his career, including during the Heatles so obviously the point stands but a difference between Embiid/Rose and Wade here, since Wade actually had an amazing career in spite of having one knee (also my favorite player ever so had to comment)",analysis,"cross-sport, but it argues meniscus outcomes with named cases and bears directly on the Bowers question",analysis,ff_top_month,10,/r/fantasyfootball/comments/1wbwfpp/raiders_allpro_and_pro_bowl_te_brock_bowers/p8tqzg4/
He went undrafted in my 10 man league. I had Bowers and absolutely smashed that add button the first second I could after the meniscus trim news broke. 14 TE's were on rosters but somehow Kincaid was not one of them. Couldn't believe it.,reaction,,reaction,ff_top_week,5,/r/fantasyfootball/comments/1wjnh0r/barnwell_73_percent_route_share_for_dalton/pakfw1p/
And… Cowboys defense failing to ever stop the Giants. Like allowing that long of drives to never get ball back is more ugly than that penalty. Lets say he doesn’t do it. It doesn’t matter because Cowboys never got the ball back.,hot_take,label set by Pop's blind pass,analysis,ff_top_month,1,/r/fantasyfootball/comments/1wh643i/35_of_brandon_aubrey_owners_lost_their_matchup/pa1htvo/
"I def lip read “4 to 6 weeks” when he was talking to Harbaugh, but I didn’t assume I knew the full context of their convo or that they were certain of the extent of the injury at that point. All I thought was maybe they initially thought it was an MCL or bone bruise and not an ACL or other long term injury. People who thought Dr MRI-vision had already diagnosed everything are dumb.",hot_take,,hot_take,ff_top_week,4,/r/fantasyfootball/comments/1wnhx7t/schefter_further_testing_today_revealed_giants_qb/pbfnn8j/
Why couldn’t it be Tee Higgins?,reaction,label set by Pop's blind pass,reaction,ff_top_month,2,/r/fantasyfootball/comments/1waqtma/annual_reminder_to_use_your_flex_spot_for_your/p8w0p9d/
"I’m in a deep league. Also got a dude in our league that’s hoarding QBs. He’s got Young, Shough, and TLaw. So best available on waivers is CJ Stroud, Baker or Drew Locke So basically I’m screwed lol I have no idea what I’m gonna do but might have to make a trade",reaction,,reaction,ff_top_week,7,/r/fantasyfootball/comments/1wlvy67/justin_herbert_starts_02_with_oc_mike_mcdaniel/pb2u6p9/
He's literally playing 90% of snaps and running almost every route. It's super frustrating right now but he'll get his soon,analysis,label set by Pop's blind pass,analysis,ff_hot,62,/r/fantasyfootball/comments/1wp0fbg/early_candidates_for_rage_drop_of_the_year/pbra5y6/
"Last week I offered JSN & Jaylen Warren for Javante Williams & Nabers… so glad it got rejected, saved me from my own stupidity Edit: just to defend myself for a second, I was desperate to upgrade my RB2 Warren and I had a very clear lapse of judgment lol thankfully most of my league mates never accept trades unless it’s SEVERELY in their favor",reaction,,reaction,ff_hot,27,/r/fantasyfootball/comments/1wolgrj/what_slow_starts_are_we_more_concerned_about/pbnztdx/
"He's so bad in fantasy specifically because he's bad IRL. He's optimistically their 3rd best pass catcher, but unlike most supporting cast pass catchers, he's not elite at some relevant thing like zone beating or being an X. Maybe it'd work out more on another team that doesn't want him to be the X, but he's 6'3 220. He really should be an X.",hot_take,label set by Pop's blind pass,analysis,ff_top_week,6,/r/fantasyfootball/comments/1wmc6f3/marvin_harrison_jr_finished_without_a_reception/pb6eqee/
"Someone just dropped him in a league I’m in on Sleeper, and the automated chat update I woke up to this morning made me crack up. Dude didn’t even pick up a player, just rage dropped Marv at 1am 😂",reaction,,reaction,ff_hot,71,/r/fantasyfootball/comments/1wp0fbg/early_candidates_for_rage_drop_of_the_year/pbramoq/
"Ouch. This is after I lost Hill last year. I'm cursed at WR. At least I drafted a ton of them this year, expecting to lose some. I guess I need Nabers to be healthy and take my wr2 spot, or I could be looking at someone like Wilson. Still like Jaxon as my #1 pick, even with a backup QB he still had a great game.",reaction,label set by Pop's blind pass,reaction,ff_top_month,2,/r/fantasyfootball/comments/1wcz9d0/aj_brown_ankle_is_expected_to_miss_at_least_4/p91zsat/
Marvin Harrison Jr was supposed to be as close of a sure thing 2000 yard reciever as it came. It was just over shadowed by Caleb Williams.. And he did it in college! I think this dude needs to go to another team and play for someone who believes in him.,reaction,label set by Pop's blind pass,hot_take,ff_top_week,23,/r/fantasyfootball/comments/1wnl41u/cardinals_coach_mike_lafleur_met_the_idea_of/pbhxki1/
Chase was still learning at that age. Mhj had his dad to teach him and probably top help from the beginning. So by time mhj was 21 he was already at the top of his game. Chase still had a long way to go. I think another example to look at would be Jefferson. He was undersized for most of his life so he spent a lot of running learning how to run routes and play to the defense. Then suddenly he had the size and it made him unstoppable. He got to the pros and kept learning how to be better.,hot_take,,hot_take,ff_top_week,9,/r/fantasyfootball/comments/1wmc6f3/marvin_harrison_jr_finished_without_a_reception/pb6g6lx/
Watson was on my bench while I played Pickens and Waddle and still won lol.,reaction,,reaction,ff_top_month,1,/r/fantasyfootball/comments/1wh643i/35_of_brandon_aubrey_owners_lost_their_matchup/pa141qm/
"It means the play design is not intended for the deep route to be the primary read, if he’s running 9 routes into double-coverage to open up the middle of the field, that’s a sacrificial X by design. When hes still not getting looks because he can’t get open on short or intermediate routes either that’s him being a bum.",analysis,,analysis,ff_top_week,10,/r/fantasyfootball/comments/1wnl41u/cardinals_coach_mike_lafleur_met_the_idea_of/pbgd65q/
Started him in both my leagues. Even moved Rice into my Flex to give Jalen the proper respect as a WR. jk Rice plays later but still i had faith in Jalen.,reaction,label set by Pop's blind pass,reaction,ff_top_month,5,/r/fantasyfootball/comments/1wfkcob/the_current_wr1_in_fantasy_jalen_coker_finishes/p9nzltn/
"He relied on his insane catching ability and size in college, it made up for his lack of separation and bad route running which hasn’t improved since he got to the nfl. You draft raw players like that with plans to coach them up. I still think a good QB/WR coach can fix him, but they don’t have that in Arizona",hot_take,relabeled under Rule A/B,analysis,ff_top_week,12,/r/fantasyfootball/comments/1wmc6f3/marvin_harrison_jr_finished_without_a_reception/pb6engo/
"Williams is also now hurt. Not boding great for their round 3 and round 5/6 ADPs so far. At this point, how do you view the Bears offense and are you buying/selling these players?",hot_take,"opens with a claim about ADPs then pivots to a discussion question; claim is asserted, so hot_take rather than out-of-scope",hot_take,ff_top_week_selftext,575,/r/fantasyfootball/comments/1wmgmc2/through_week_2_kalif_raymond_13_receptions_124/
"I have in a lot of my leagues because he's the ""value"" receiver in the first 2 rounds for most analysts lmao. Injuries really fuck over anyone.",reaction,,reaction,ff_top_month,12,/r/fantasyfootball/comments/1wcz9d0/aj_brown_ankle_is_expected_to_miss_at_least_4/p92fc8l/
Nailed it. Why manufacture touches for guys that don’t do jack with them? (I’d also add Michael Wilson to that list. Doesn’t get the buzz others do but if you watch the games that guy is always making big plays).,reaction,label set by Pop's blind pass,hot_take,ff_top_week,6,/r/fantasyfootball/comments/1wnl41u/cardinals_coach_mike_lafleur_met_the_idea_of/pbgxj71/
I got fucking cute and drafted a qb and TE in the mid/early rounds (maye/loveland). Something I never do bc ya know Bryce young and Shultz are just as good as josh and Brock at this point. Happens every year. Hope Ben enjoys being as cute as I am.,reaction,,reaction,ff_top_month,31,/r/fantasyfootball/comments/1wm29l3/colston_loveland_heats_up_for_13_vs_vikings/pb3soen/
Owner in our league requested for the league to update settings in order to not recognize ESPN unstoppable list because of him. Never thought as commissioner I would receive that request lol,reaction,,reaction,ff_hot,18,/r/fantasyfootball/comments/1wp0fbg/early_candidates_for_rage_drop_of_the_year/pbrbrc6/
"Drafted herbert in both my leagues. was able to pick up Shough in one and Mahomes in the other for free. Dropped Herbert in one for Denzel Boston. Still holding onto him in the other since we have deep benches, but considering dropping for Darnold.",reaction,,reaction,ff_hot,3,/r/fantasyfootball/comments/1wp0fbg/early_candidates_for_rage_drop_of_the_year/pbrawvz/
"I mean, he played 80%+ of snaps both week 1 and 2. I think the real story here is that Kenneth Walker is a serious receiving threat and has eaten into Rices opportunities.",analysis,,analysis,ff_hot,29,/r/fantasyfootball/comments/1wolgrj/what_slow_starts_are_we_more_concerned_about/pbo2gef/
"If you’re thinking rest of season, I’d hold Santos. The ROS consensus has him at #9, ahead of Smack #18, Carlson #21 and Shrader #23. Chicago still lists Santos as its starting kicker, so his low spot on this week’s board looks more like a tough matchup and low team total than a job concern. For this week only, Carlson is the best pivot, my model has him #4, versus Shrader #9, Smack #17 and Santos #29. I’d only swap to Carlson if you’re comfortable streaming and possibly switching back.",analysis,,analysis,ff_recent_comments,1,/r/fantasyfootball/comments/1wo71l7/project_upright_2026_week_3_kicker_rankings/pbrkc0c/
"I took Allen in the second round, and was able to snag Kincade in the 5th. Last night was great.",reaction,,reaction,ff_top_week,1,/r/fantasyfootball/comments/1wjnh0r/barnwell_73_percent_route_share_for_dalton/palr0qe/
"""Highest"" doesn't do justice. It was only 37.4% on average last year, playing through a tweaked PCL.",analysis,,analysis,ff_top_week,2,/r/fantasyfootball/comments/1wjnh0r/barnwell_73_percent_route_share_for_dalton/pak7ukf/
Picked up Lock in case Darnold is out again. I'm waiting for the injury report. Idk who else to stream. I also have Hampton and QJ. I'm ready to drop QJ (not even tradable at this point in the season even with Ladd out) but with Ladd back he might get some big play opportunities. It's super depressing watching this offense. I hope the Chargers can turn it around.,reaction,,reaction,ff_recent_comments,1,/r/fantasyfootball/comments/1wp0fbg/early_candidates_for_rage_drop_of_the_year/pbrivq4/
Come on guys it’s been 2 weeks,reaction,,reaction,ff_recent_comments,1,/r/fantasyfootball/comments/1wp0fbg/early_candidates_for_rage_drop_of_the_year/pbrko52/
"Its about upside. Some people play fantasy with a mind set of champion or bust. So in theory you dont want to handcuff your own back because the only way that pays off is if your starter goes down. In that situation, the payoff for your handcuff actually makes your team worse. Instead some people would rather handcuff someone else's runningback because your best case scenario there is your own starter stays healthy, your handcuffs starter goes down and now you have two starting backs. Best case scenario of handcuffing your own back is your starter stays healthy and you've wasted a roster spot all year.",hot_take,relabeled under Rule A/B,analysis,ff_top_month,87,/r/fantasyfootball/comments/1wgom15/kenneth_walker_chiefs_debut_most_rushing_yards_by/p9w1dcw/
"I never said it undermined the advice and said I use it when applicable. If it's not applicable to my speciific situation, then it's not universal. I was merely adding that it's scenario and lineup dependent on whether you are able to actually utilize this advice.",hot_take,,hot_take,ff_top_month,1,/r/fantasyfootball/comments/1waqtma/annual_reminder_to_use_your_flex_spot_for_your/p8sx1gp/
My guillotine team is fucked.,reaction,,reaction,ff_top_week,137,/r/fantasyfootball/comments/1wju3zp/update_wr_nico_collins_is_not_practicing_friday/palfpli/
"How often do you win your leagues, out of curiosity? I usually take one of the top TEs (though not always), and while injuries sometimes burn me, I get a huge advantage at the position 2/3 years and have been winning leagues at about a 25% clip.",reaction,label set by Pop's blind pass,analysis,ff_recent_comments,1,/r/fantasyfootball/comments/1wm29l3/colston_loveland_heats_up_for_13_vs_vikings/pbrgzwd/
"This, people don’t understand the risk to reward for those runs last year just wasn’t there. He would get crunched 8 times a game up the middle for maybe 3 fantasy points at the end of the game. If he’s gonna be fresh he will produce slightly more on his touches. Not mad about this + if you have black with CMC you can be confident regardless.",analysis,,analysis,ff_top_month,112,/r/fantasyfootball/comments/1wivs0o/cmc_look_at_some_of_the_duos_last_year_like_bijan/padnncj/
I drafted him as Kraft insurance in case he wasn't 100% after the injury. Now I don't know what to do. With Moore getting hurt legit might flex him and play both.,reaction,,reaction,ff_top_week,37,/r/fantasyfootball/comments/1wjnh0r/barnwell_73_percent_route_share_for_dalton/pajz6z1/
Im going with Schultz. I want to see Bowers back a week first,reaction,,reaction,ff_new,1,/r/fantasyfootball/comments/1wp0fmm/dynatyze_startsit_qb_and_te_edition/pbrggoy/
"I'm a Giants fan and I just couldn't bring myself to press go on Nabers when both he *and* his QB are perpetual injury risks. Who knows though, Nabers amazing rookie season came with Daniel Jones throwing him the ball. Maybe Winston can force feed him. Winston didn't look good yesterday though...",analysis,,analysis,ff_top_week,6,/r/fantasyfootball/comments/1wnhx7t/schefter_further_testing_today_revealed_giants_qb/pbf3uom/
Returning from an ACL expected to be pretty average for the first few weeks while he regains confidence.,hot_take,,hot_take,ff_hot,17,/r/fantasyfootball/comments/1wolgrj/what_slow_starts_are_we_more_concerned_about/pbnzolw/
"Watch the last play of the game, such pathetic blocking attempt. He has good hands as a receiving TE, but the guy should get less playing time if that is his attempt at blocking.",analysis,,analysis,ff_top_month,1,/r/fantasyfootball/comments/1wm29l3/colston_loveland_heats_up_for_13_vs_vikings/pb68gph/
"You're either lying or you have a stacked team. DJ Moore is a great WR with a great QB, AND he had a killer week 1. If that was your reason for starting him over Nico, you either have a 4 amazing WRs in your line up, or 3 amazing WRs and 3 even better RBs in your lineup. Unless you're playing with very few offensive spots.",hot_take,relabeled under Rule A/B,analysis,ff_top_week,2,/r/fantasyfootball/comments/1wju3zp/update_wr_nico_collins_is_not_practicing_friday/pam7o17/
7 targets both games. honestly good news Seahawks defense shut the entire Cards team down tbh. Brissett couldn't get anything going either,analysis,,analysis,ff_top_week,3,/r/fantasyfootball/comments/1wmc6f3/marvin_harrison_jr_finished_without_a_reception/pb7dlpw/
"Week 3 is probably my biggest telling week. Maybe Kellen Moore is trying to ease him in, maybe both games had a weird game script, or maybe it truly is a split backfield.",hot_take,"three hedged hypotheses, no support for any",hot_take,ff_hot,15,/r/fantasyfootball/comments/1wolgrj/what_slow_starts_are_we_more_concerned_about/pbo15gk/
"No, that's appalling, I had not heard that. It will likely hurt his trade value from various sources, and that will eventually come into my calibration... or I can tweak for now, if the news sounds more certain. Thanks.",reaction,,reaction,ff_new,1,/r/fantasyfootball/comments/1wozckp/subtle_flex_rbwrte_from_subvertadown/pbrh3ds/
Got him in the middle of the 2nd. Hope he stays healthy because he looked amazing tonight,hot_take,label set by Pop's blind pass,reaction,ff_top_month,2,/r/fantasyfootball/comments/1wgom15/kenneth_walker_chiefs_debut_most_rushing_yards_by/p9w17gt/
"“Aren’t all that bad.” Have you had a torn labrum and dislocated your shoulder? Each dislocation does increasingly more damage, and it often hurts like a bitch.",hot_take,"""each dislocation does increasingly more damage"" asserted from personal experience",hot_take,ff_top_week,4,/r/fantasyfootball/comments/1wmykqd/malik_nabers_says_his_shoulder_was_dislocated_and/pbbmwk3/
"I'm so fucked. My keeper team was built around him, and it's his last year of keeper eligibility. He was also my first pick in my other league. Season is tanked lol",reaction,,reaction,ff_hot,1,/r/fantasyfootball/comments/1wosfns/more_of_mcvay_today_on_puka_its_like_some_of_the/pbqgyki/
"This is actually not true. Michael Wilson is perfectly capable of playing X and has played X before in this offense. I think Wilson is just a better player than Marv at this point in time, so the coaching staff will actually try to move him around to get him more targets while Marv is essentially relegated to sacrificial X.",analysis,,analysis,ff_top_week,8,/r/fantasyfootball/comments/1wnl41u/cardinals_coach_mike_lafleur_met_the_idea_of/pbg3szw/
"He's a little bigger than Barry Sanders and about the same size as Emmit Smith. Also as we saw with Eddie George and Sean Alexander, size doesn't equal durability or sustained level of production. Edit: George averaged around just 3 YPC after his 4th season in the league, massive load took its toll. Shaun Alexander led the league in touches in 2005, immediately fell off the cliff and was out of the league 2.5 years later.",analysis,,analysis,ff_top_month,28,/r/fantasyfootball/comments/1wivs0o/cmc_look_at_some_of_the_duos_last_year_like_bijan/padn1qq/
"There’s a real chance Caleb has a dominant qb1 fantasy season. Their defense is a major part of that. Beyond that, I’ve been saying all summer that Deandre swift was the best value at adp in the draft at RB. Obviously there will be big hits in the late rounds but the price for swift was WAY too low. a set and forget starter at rb outside the top 30, why? Make it make sense! He’s not likely to be a top 5 RB but he’s a top 20 lock",hot_take,"""been saying all summer"" is self-citation, not support | label set by Pop's blind pass",hot_take,ff_top_month,8,/r/fantasyfootball/comments/1wfj4j1/colston_loveland_in_his_projected_te3_debut_0/p9njzn5/
There’s literally 0% chance the Rams would let him miss practice for something like that lol,hot_take,label set by Pop's blind pass,hot_take,ff_top_week,66,/r/fantasyfootball/comments/1wkttdn/puka_nacua_wont_practice_for_a_second_straight/pathvu5/
Had Adams. He had Stafford. I was down 4.1. I won by .5 … thanks to the 150 and 175 yard bonuses!,reaction,"STAT-FLAVORED RANT (celebratory variant): ""down 4.1"", ""won by .5"", ""150 and 175 yard bonuses"" are all about one outcome",reaction,ff_top_month,1,/r/fantasyfootball/comments/1wn68e9/davante_adams_goes_nuclear_8_for_195_and_2_tds_in/pbcswng/
"If you need a chance to win, hell yes. And there is always a RB or WR out there who *might* score some points. If it's MNF and Jaylen Waddle suffers from a sudden case of gigantism from an experimental nerve tonic, you're grabbing Pat Bryant or Marvin Mims.",reaction,relabeled under Rule A/B,hot_take,ff_top_month,1,/r/fantasyfootball/comments/1waqtma/annual_reminder_to_use_your_flex_spot_for_your/p8k6e3y/
Certainly not trying to land anything in there,reaction,,reaction,ff_top_month,22,/r/fantasyfootball/comments/1wfj4j1/colston_loveland_in_his_projected_te3_debut_0/p9mjinz/
Same. My WR room is screwed. I didn't see either injury coming because they were both fine during their games.,reaction,,reaction,ff_top_week,3,/r/fantasyfootball/comments/1wkttdn/puka_nacua_wont_practice_for_a_second_straight/patf4ww/
"Bottom tier is just not accurate, he has finished outside of the top 12 once in his career",analysis,single counter-stat that directly rebuts the claim it answers,analysis,ff_top_week,178,/r/fantasyfootball/comments/1wlvy67/justin_herbert_starts_02_with_oc_mike_mcdaniel/pb296qc/
"[ TLDR: TLDR: 2026 Fantasy Football Week 3 Buy-Low/Sell-High Trade Targets Buy-Low: * Breece Hall (RB, Jets): Solid workload (\~19 carries + nearly 4 receptions/game) and role worth \~16.3 xFP (RB12), but held back by poor OL. Soft upcoming schedule (DET, CHI, CLE). Target at 75-80% of normal value. * Drake London (WR, Falcons): Early-season bust with Michael Penix Jr., but has strong history with him (high-end WR1 pace in stretches last year). Owners may be eager to dump him—pounce. * Others: Jameson Williams (DET), Tucker Kraft (GB). Sell-High: * Tre Tucker (WR, Raiders): Big Week 2 (5/119/TD) boosted by Kirk Cousins, but role (only \~13.6 xFP) is temporary with Brock Bowers returning and the offense running through him + Ashton Jeanty. Sell while value peaks. * Stefon Diggs (WR, Commanders): Hot start driven heavily by TDs (unsustainable rate) and limited route participation (\~52-70%). Overperforming his expected points; usage concerns with Marcus Mariota. * Others: Denzel Boston (CLE), Tyler Shough (NO). Focus is on opportunity, expected fantasy points (xFP), usage, and schedule to maximize value amid injuries.",analysis,,analysis,ff_new_selftext,22,/r/fantasyfootball/comments/1woaubv/2026_fantasy_football_week_3_buylow_sellhigh/
Quinshon Judkins. He’s been terrible on the ground through the first two weeks. Could be a combination of poor run blocking and good run defenses. I was encouraged by his involvement in the passing game against the Bucs. Hopefully he’ll have better games moving forward.,reaction,label set by Pop's blind pass,analysis,ff_hot,9,/r/fantasyfootball/comments/1wolgrj/what_slow_starts_are_we_more_concerned_about/pbo6a23/
"To win with that high of a differential, you should no longer look at the highest expected performance and use stacking to make sure that both players either perform really well or you lose. A safe lineup can not save you from such a deficit; you need high variance. As another person commented, if you're down by such a large difference, you stack.",hot_take,label set by Pop's blind pass,analysis,ff_top_month,3,/r/fantasyfootball/comments/1wn68e9/davante_adams_goes_nuclear_8_for_195_and_2_tds_in/pbfvdfz/
"With two weeks in the books, we’re starting to have a bit more data to identify potential bounce-back spots and tough matchups to navigate for Week 3. I broke down my best and worst matchups at each position: Best • Patrick Mahomes @ Miami • Quinshon Judkins vs. Carolina • George Pickens vs. Baltimore • Pat Freiermuth vs. Cincinnati Worst • Trevor Lawrence vs. New England • Bucky Irving vs. Minnesota • Stefon Diggs vs. Seattle • Colston Loveland vs. Philadelphia Who are you guys fading this week?",analysis,ends on a question but presents and defends a matchup list first,analysis,ff_new_selftext,26,/r/fantasyfootball/comments/1wobxuk/best_and_worst_matchups_week_3/
"He's carry the giant bag he got paid around with him, we need angry Baker",reaction,label set by Pop's blind pass,reaction,ff_hot,373,/r/fantasyfootball/comments/1wolgrj/what_slow_starts_are_we_more_concerned_about/pbo16rc/
"Lost my week on his last carry for 8 yards. I had a 32 point lead lmao what the actual fuck and those dickheads bring in the backup 1 play late. Lost by .7, fantasy is back baby. I would like to take a minute to personally wish Brock Bowers and the raiders to go fuck themselves.",reaction,"STAT-FLAVORED RANT: ""32 point lead"", ""8 yards"", ""lost by .7"" are all intensifiers for a complaint about an outcome, not support for any claim",reaction,ff_top_month,1,/r/fantasyfootball/comments/1wgom15/kenneth_walker_chiefs_debut_most_rushing_yards_by/p9w3b5o/
"MHJ has 2 ""true"" (not throw-away) targets this year. One across the middle that was behind him. Tough catch, maybe you hope he makes it. If it hit him in stride it's a big gain. The second, a deep contested pass down the sideline that he caught for a big gain.",analysis,label set by Pop's blind pass,analysis,ff_top_week,35,/r/fantasyfootball/comments/1wnl41u/cardinals_coach_mike_lafleur_met_the_idea_of/pbg0f42/
"Yeah but that was because of a temper tantrum, not due to toughness…",hot_take,,hot_take,ff_top_week,7,/r/fantasyfootball/comments/1wnl41u/cardinals_coach_mike_lafleur_met_the_idea_of/pbhqdzr/
Unlucky for me. Plan was to take him but someone 1 pick before me did so I went for bowers instead,reaction,,reaction,ff_top_month,3,/r/fantasyfootball/comments/1wgom15/kenneth_walker_chiefs_debut_most_rushing_yards_by/p9w0ati/
We might finally get an answer to the “can the average dude get 1 yard in the NFL” question this week.,reaction,,reaction,ff_hot,2,/r/fantasyfootball/comments/1woeh1z/rb_jonah_coleman_is_dealing_with_a_sprained_ankle/pbobeci/
"And just to make sure we remember how stupid fantasy is, ESPN will now wait a few random days to update his injury designation to make sure you can't move him to IR and get anything worthwhile.",reaction,,reaction,ff_top_month,76,/r/fantasyfootball/comments/1wbwfpp/raiders_allpro_and_pro_bowl_te_brock_bowers/p8tdjly/
"It’s not even just a fantasy thing at this point Why would you draft a TE top 10, watch him have a breakout to end the season, then feed Kalif Raymond and a no name rookie Why do these “young offensive geniuses” overthink this stuff so often, I refuse to believe that Rosch and Kmet can do anything better than Loveland in the pass game",hot_take,label set by Pop's blind pass,hot_take,ff_top_month,390,/r/fantasyfootball/comments/1wm29l3/colston_loveland_heats_up_for_13_vs_vikings/pb3qt4y/
"Wentz then took his team to the playoffs again, with Greg Ward being his only healthy receiver.",analysis,,analysis,ff_top_week,25,/r/fantasyfootball/comments/1wlvy67/justin_herbert_starts_02_with_oc_mike_mcdaniel/pb2791n/
"The QB is abysmal though. We’ll find out more about who this year’s Falcons are hopefully when Penix plays tomorrow. Because for whatever shortcomings people think he has, he has demonstrated he can play way better than this. There were numerous examples of last year where the OC situation was a direct cause of the issues. For example, one game they couldn’t even get play calls in on time. This moved Zac Robinson to the sideline. I know people love to default complain about their OC if the offense sucks but man Robinson truly was bad. I’m not surprised at all Baker doesn’t feel right in this offense.",analysis,label set by Pop's blind pass,analysis,ff_hot,62,/r/fantasyfootball/comments/1wolgrj/what_slow_starts_are_we_more_concerned_about/pbojow8/
"Normally RBs are given time to establish a rhythm. These days most teams run by committee but the carry distribution is way more consistent than what I was watching tonight. You could see it with the Rams, Kyren and Corum got alternating drives. Skatt’s carries felt like he had to pass D&D dice rolls to even get onto the field.",hot_take,label set by Pop's blind pass,analysis,ff_top_week,4,/r/fantasyfootball/comments/1wmykqd/malik_nabers_says_his_shoulder_was_dislocated_and/pbb1326/
"He would be my RB2 behind Gibbs if we redrafted today, without a doubt. That said, I do think we are going to see some games for KC where they remember Patrick Mahomes is their QB and don't just fully commit to 30+ touches to KW3 every game. I fully believe Dan Campbell is insane enough to have 30+ touches be the literal gameplan for Gibbs every single week.",hot_take,label set by Pop's blind pass,hot_take,ff_top_month,16,/r/fantasyfootball/comments/1wivs0o/cmc_look_at_some_of_the_duos_last_year_like_bijan/padsby9/
They had a great first game. I'm feeling Dexter Lawrence has the defense on an upward momentum. And god point me to the team with a lower offensive floor than the Texans. Even the Browns feel better in Garbage Time than Houston last two years.,hot_take,,hot_take,ff_top_week,10,/r/fantasyfootball/comments/1wju3zp/update_wr_nico_collins_is_not_practicing_friday/palhj9o/
"He should try because what he is doing right now is absolutely tanking his next contract. He should try because the product he is putting on the field has frankly been embarrassing considering the expectation. Brissett has had the most yards in the league since week 6 or 7 of last year, acting like the situation is preventing Marv from performing is just making excuses.",analysis,,analysis,ff_top_week,6,/r/fantasyfootball/comments/1wnl41u/cardinals_coach_mike_lafleur_met_the_idea_of/pbgafyp/
"Nabers has had this shoulder issue since college they are not gonna shut him down unless his arm starts to slink out of its socket every other day. You don't lock up just because your QB1 went down, people's jobs are still on the line and they still have fans to try and please. This narrative is utterly ridiculous lol",hot_take,,hot_take,ff_top_week,3,/r/fantasyfootball/comments/1wnhx7t/schefter_further_testing_today_revealed_giants_qb/pbfo31z/
Very very smart decision on his part. He is the guy for New York. Don’t risk screwing the knee up completely. Get the surgery O line still needs work for the giants. A good draft spot and a QB needy team like the jets trading up could set this team up for actual true contention when he up and healthy next season.,hot_take,,hot_take,ff_hot,2,/r/fantasyfootball/comments/1wo9ydc/rapoport_giants_qb_jaxson_dart_is_expected_to/pbliuu3/
"My 2 rules for flex are whoever has the latest start time and if somebody is Q and I'm in doubt that they'll start, I put thim in flex so I can replace with any other WR/RB/TE instead of being locked into a position for their replacement",hot_take,relabeled under Rule A/B,analysis,ff_top_month,34,/r/fantasyfootball/comments/1waqtma/annual_reminder_to_use_your_flex_spot_for_your/p8k61i5/
"I can't really trust Moore or Evans to play an entire game without missing chunks. I'd rather they go off my my bench than score sub 2 points again. Hopefully London can get something going and Coker can keep it up and my shit RBs can finally wake up (Saquon if healthy, Hampton can stop fumbling and anything out of Tuten/Judkins). This fantasy season has sucked so far",reaction,,reaction,ff_hot,2,/r/fantasyfootball/comments/1woh7oy/dj_moore_update_dj_moore_says_he_feels_great_and/pbno0i8/
"I have Schultz and Ferg and if both Nico and Puka remain out, I'm playing both of them",reaction,,reaction,ff_hot,1,/r/fantasyfootball/comments/1wojgb4/mcvay_said_puka_nacua_does_not_have_a_hernia_but/pbo6lbe/
"I did some crazy and I have 3 TEs right now. Put 32 on Shultz, and picked up Ferg today when the first McVay note dropped, had Loveland. Hear me out I’ll rather carry a potential breakout than a WR4 like Godwin who is not seeing my starting lineup this week.",hot_take,,hot_take,ff_hot,3,/r/fantasyfootball/comments/1woqcbr/mcvay_on_the_status_of_puka_for_snf_against/pbpeeyq/
Vegas made a call and said he had to stay in to not void the bets. The NFL has become corrupt and it’s all based on bets and making sure Vegas wins massive amounts of money. It’s insufferable,reaction,relabeled under Rule A/B,hot_take,ff_top_week,1,/r/fantasyfootball/comments/1wmykqd/malik_nabers_says_his_shoulder_was_dislocated_and/pbhq954/
Johnson is the best run designer in the league. They fucking demolished Philly in that game leading up to the game I think Philly was 1st or 2nd in run defense,analysis,,analysis,ff_top_month,34,/r/fantasyfootball/comments/1wfj4j1/colston_loveland_in_his_projected_te3_debut_0/p9n7uqn/
"This is what gets me. ""Oh, MHJ is big bodied and slow so therefore can't create separation. We all should've saw that coming."" No, that's wrong! The reason he was seen as such a great prospect is because his route running in college was phenomenal.",hot_take,relabeled under Rule A/B,analysis,ff_top_week,24,/r/fantasyfootball/comments/1wmc6f3/marvin_harrison_jr_finished_without_a_reception/pb7l8nk/
Nah man it doesn't have anything to do with today. People have been saying stuff like this since I started playing 15 years ago. We're just seeing more of it because that small minority of people make up the majority of whose post here,hot_take,"support is ""people have said this for 15 years"" - unfalsifiable personal impression",hot_take,ff_hot,25,/r/fantasyfootball/comments/1woeh1z/rb_jonah_coleman_is_dealing_with_a_sprained_ankle/pbmfmoj/
"Qb I can switch between mahomes and tlaw. Rb is probably always bijan and henderson. Wr is always adams watson and probably rice. Last flex can be boston, corum, Tate, M. Wilson. TE is always McBride. Week 11 i am fucked. But im 4-0 (median league) so if im doing well enough by then I may just take the L if I dont find any trades before then that I want.",reaction,label set by Pop's blind pass,reaction,ff_hot,1,/r/fantasyfootball/comments/1woy9hn/ten_nyg_is_becoming_the_weather_game_to_watch/pbr1l97/
12 team Herbert @ Buff. Shough vs LV. Have a feeling that LAC figures it out offensively. Bills defense has not been great,hot_take,,hot_take,ff_recent_comments,1,/r/fantasyfootball/comments/1woykjf/official_wdis_qb_thu_09242026/pbrim2t/
They scored 59 points while Caleb threw for 269 and 2 TDs This was literally the ideal game script,analysis,,analysis,ff_top_month,12,/r/fantasyfootball/comments/1wfj4j1/colston_loveland_in_his_projected_te3_debut_0/p9miqme/
Dart and Likley both got drafted late before this news that stack at the draft value was phenomenal.,hot_take,,hot_take,ff_hot,47,/r/fantasyfootball/comments/1wo9ydc/rapoport_giants_qb_jaxson_dart_is_expected_to/pbl9qkh/
He was in the slot a ton. He just didn’t look for him.,hot_take,very short but the slot observation is the whole support for the implied claim | relabeled under Rule A/B,analysis,ff_top_month,43,/r/fantasyfootball/comments/1wfkcob/the_current_wr1_in_fantasy_jalen_coker_finishes/p9mx5pf/
Spending a 10th rounder to end up in tight end hell is one thing. Spending a 2nd rounder and still getting stuck in hell is brutal.,reaction,,reaction,ff_top_month,216,/r/fantasyfootball/comments/1wbwfpp/raiders_allpro_and_pro_bowl_te_brock_bowers/p8ti1c1/
I decided to bench him and play Dallas. Then I got him injured. So pretty exciting times.,analysis,label set by Pop's blind pass,reaction,ff_top_month,7,/r/fantasyfootball/comments/1wm29l3/colston_loveland_heats_up_for_13_vs_vikings/pb3p3da/
"I don’t think you should be THAT low on them. I didn’t like them coming into the year just because it’s so crowded, but they have shown they can and will throw the ball. Don’t think it’s super fair to take into account much of this weeks game because of the weather. As long as Caleb isn’t seriously injured I don’t think you have anything to worry about that you weren’t already worried about when you drafted them.",hot_take,weather named as a specific confounder for the bad game | label set by Pop's blind pass,analysis,ff_hot,42,/r/fantasyfootball/comments/1wolgrj/what_slow_starts_are_we_more_concerned_about/pbo40bk/
FML. One guy on IR and three questionable. Guess Washington is next man up for me.,reaction,,reaction,ff_top_week,1,/r/fantasyfootball/comments/1wju3zp/update_wr_nico_collins_is_not_practicing_friday/palgd85/
That’s an awesome and well deserved headline,reaction,,reaction,ff_top_month,1,/r/fantasyfootball/comments/1wm29l3/colston_loveland_heats_up_for_13_vs_vikings/pb3nss1/
"Caleb was absolutely lights out today when he was trying to get the ball to anyone BUT Loveland. Only one target was even sort of catchable, the other was 10 feet behind him.",analysis,,analysis,ff_top_month,80,/r/fantasyfootball/comments/1wfj4j1/colston_loveland_in_his_projected_te3_debut_0/p9mj923/
"Oh right I totally agree. That’s why I drafted him too. I only was commenting because of your disbelief that you’re making the swap, and I’m just saying that even if Herbert was playing better IRL it would still be possible for Young to be a better fantasy producer. Justin Fields won me a superflex league during a season in which the Bears only won 3 games.",analysis,,analysis,ff_recent_comments,1,/r/fantasyfootball/comments/1wp0fbg/early_candidates_for_rage_drop_of_the_year/pbriejl/
by mid next season he will have spent more time on SF than CAR,reaction,relabeled under Rule A/B,hot_take,ff_top_month,2,/r/fantasyfootball/comments/1wivs0o/cmc_look_at_some_of_the_duos_last_year_like_bijan/palbgd1/
"I guess, since we won’t get another update and game is Monday, decision time for whether to make switch and start someone else on roster for Puka is by Sunday games. Ugh!",reaction,,reaction,ff_top_week,2,/r/fantasyfootball/comments/1wkttdn/puka_nacua_wont_practice_for_a_second_straight/patidoa/
"late te is always my strategy and I've been very fortunate that my picks there have typically hit. last few seasons I got laporta in the last round, bowers in round 11 or 12, Kraft round 11... and this year I was a little more skeptical so I took two in the 11-12 Kincaid and likely. only catch is if you wait that late and it doesn't hit it's gonna be really bad lol",analysis,,analysis,ff_top_week,10,/r/fantasyfootball/comments/1wjnh0r/barnwell_73_percent_route_share_for_dalton/palb5ro/
Doubs should already be rostered. For better or worse,hot_take,,hot_take,ff_top_month,9,/r/fantasyfootball/comments/1wcz9d0/aj_brown_ankle_is_expected_to_miss_at_least_4/p92lmsj/
"I think it would be a mistake for the Giants to give that up. That's going to be like the 40th pick on the draft. That's A LOT to give up for a team looking to salvage what was expected to be a, what, 8 win season?",analysis,,analysis,ff_hot,1,/r/fantasyfootball/comments/1wowlhj/hughes_harbaugh_giants_will_add_another_qb_havent/pbrh4m4/
I would've skipped on Puka if he landed on me because I'm scared I'd wake up to hear he got suspended for some random off field shit,reaction,label set by Pop's blind pass,reaction,ff_hot,2,/r/fantasyfootball/comments/1woqcbr/mcvay_on_the_status_of_puka_for_snf_against/pbpe44l/
Not nearly a high enough pick to count imo,hot_take,,hot_take,ff_hot,24,/r/fantasyfootball/comments/1wolgrj/what_slow_starts_are_we_more_concerned_about/pbo6ha4/
Are we really sure that Kraft should be that high? I know it’s a good matchup on paper but aren’t several of GB’s starting linemen out? He could be blocking most of the game. Good in a real football scenario because he’ll be on the field for more snaps but he probably won’t be getting much for fantasy purposes.,analysis,"question form, but it defends a position with a specific factor (GB linemen out)",analysis,ff_new,1,/r/fantasyfootball/comments/1wp11c4/top_24_tight_end_rankings_for_week_3/pbrjir7/
"Nothing burger, same thing",reaction,relabeled under Rule A/B,hot_take,ff_top_week,137,/r/fantasyfootball/comments/1wjz9u1/fowler_jacobs_could_face_46_game_suspension/pamnkbb/
I was one of them...,reaction,,reaction,ff_top_month,2,/r/fantasyfootball/comments/1wh643i/35_of_brandon_aubrey_owners_lost_their_matchup/p9zstah/
Guess you didn’t watch the game. Had 2 potential TDs Winston underthrew him on. He was getting open. Winston looked like a deer in the headlights.,hot_take,label set by Pop's blind pass,analysis,ff_top_week,10,/r/fantasyfootball/comments/1wns0wr/giants_best_bet_is_to_commit_all_their_firstteam/pbhh2pj/
Giants should trade for Daniel Jones,hot_take,,hot_take,ff_hot,4,/r/fantasyfootball/comments/1wo9ydc/rapoport_giants_qb_jaxson_dart_is_expected_to/pbmblad/
He had 2 red zone targets. One was a crossing route where Caleb put it out of reach and on yhe other he was wide open but a DT dropped back at the last second and batted it down. His overall lack of usage will probably be an outlier in the grand scheme of things but he definitely had a bit of an unlucky day with those missed RZ connections,analysis,,analysis,ff_top_month,3,/r/fantasyfootball/comments/1wfj4j1/colston_loveland_in_his_projected_te3_debut_0/p9mk21h/
He also had ten targets in that game. I’m not too worried yet,analysis,,analysis,ff_top_week,6,/r/fantasyfootball/comments/1wns0wr/giants_best_bet_is_to_commit_all_their_firstteam/pbhul8a/
Olave hurts me the most,reaction,,reaction,ff_top_week,11,/r/fantasyfootball/comments/1wnhx7t/schefter_further_testing_today_revealed_giants_qb/pbf51yv/
Best thing to do with a guy like MHJ is try trading him packaged with a mid tier Flex guy for better depth at another position. Decent chance someone will take a shot at someone like MHJ if you’re giving them a solid second guy in return,hot_take,label set by Pop's blind pass,hot_take,ff_top_week,3,/r/fantasyfootball/comments/1wmc6f3/marvin_harrison_jr_finished_without_a_reception/pb5n05r/
They lost one of their best linemen last sunday. Feel like it could get worse,analysis,,analysis,ff_hot,19,/r/fantasyfootball/comments/1wolgrj/what_slow_starts_are_we_more_concerned_about/pbocren/
Im debating dropping him with the way the offensive is playing. Hes actively hurting my starting lineup,reaction,,reaction,ff_top_week,4,/r/fantasyfootball/comments/1wlvy67/justin_herbert_starts_02_with_oc_mike_mcdaniel/pb2amsd/
It's the sunk cost fallacy at this point. Thankfully you can find talent in every round of the draft. Take the pick and move on.,hot_take,,hot_take,ff_top_week,25,/r/fantasyfootball/comments/1wnl41u/cardinals_coach_mike_lafleur_met_the_idea_of/pbftk2r/
Theres no way hes really that bad....has there ever been a case of a WR being so dominant in college thats straight up terrible in the pros? Usually its a position that translates really well. This situation is just really weird.,reaction,relabeled under Rule A/B,hot_take,ff_top_week,179,/r/fantasyfootball/comments/1wmc6f3/marvin_harrison_jr_finished_without_a_reception/pb5ovam/
As a bears fan I knew what the problem was. Naggy is great at destroying an offense,hot_take,label set by Pop's blind pass,hot_take,ff_top_month,3,/r/fantasyfootball/comments/1wgom15/kenneth_walker_chiefs_debut_most_rushing_yards_by/p9y42zm/
"I would encourage Nabers owners to pick up Malachi Fields. It sucks to handcuff a WR, but it will give you a WR2 option it Nabers misses games.",hot_take,,hot_take,ff_hot,1,/r/fantasyfootball/comments/1woy9hn/ten_nyg_is_becoming_the_weather_game_to_watch/pbqw2rb/
"The fantasy gods were smiling on me during draft. Brock bowers fell to me as the 27th pick, and then I was able to snag dalton kincaid in the 10th round (pick 139 - 14 team league). Also the first year we implemented WR/RB/TE flex rather than just WR/RB.",reaction,,reaction,ff_top_week,1,/r/fantasyfootball/comments/1wjnh0r/barnwell_73_percent_route_share_for_dalton/pakosux/
"Good point, thanks as always!!",reaction,,reaction,ff_new,2,/r/fantasyfootball/comments/1wozckp/subtle_flex_rbwrte_from_subvertadown/pbra05y/
Start your studs. Lol. You would have never benched Chase ik ur kidding but you cant be sad about that.,reaction,relabeled under Rule A/B,hot_take,ff_top_month,13,/r/fantasyfootball/comments/1wfkcob/the_current_wr1_in_fantasy_jalen_coker_finishes/p9oslbx/
I picked up Juwan Johnson and he's my starter going forward. Fuck this guy.,reaction,,reaction,ff_top_month,2,/r/fantasyfootball/comments/1wm29l3/colston_loveland_heats_up_for_13_vs_vikings/pb5ga6i/
"Just comes down to shit attitude and work ethic. NFL coaches are willing to put up with bad attitude if you have a great work ethic and produce, we see it all the time with diva WRs. He had a good rookie season, but even then he was half assing routes/blocks if he knew the ball wasn't coming to him. He just doesn't seem to care at all for some reason. Maybe he's waiting to get released/traded, but he's not really giving other teams a reason to take a chance on him either.",hot_take,,hot_take,ff_top_week,10,/r/fantasyfootball/comments/1wnl41u/cardinals_coach_mike_lafleur_met_the_idea_of/pbk9vla/
"His *one single great game of his career* is when he knocked me out of the playoffs when I had JaMarr Chase, Derrick Henry, Josh Allen, Swift, etc vs my opponent's Pitts and Jason Myers scoring a combined 85 points. Losing to Kyle Pitts and a kicker with that team (cost me picks in this season's draft because it's a keeper league) made me want to quit fantasy football forever.",reaction,label set by Pop's blind pass,reaction,ff_hot,1,/r/fantasyfootball/comments/1wojgb4/mcvay_said_puka_nacua_does_not_have_a_hernia_but/pbp03ov/
Jokes on the losers that don’t have him— By fantasy playoffs he will be at 14 catches on 39 targets.,reaction,"sarcastic prediction with invented numbers - decorative digits, not evidence | relabeled under Rule A/B",hot_take,ff_top_month,2,/r/fantasyfootball/comments/1wm29l3/colston_loveland_heats_up_for_13_vs_vikings/pb4ghqv/
They deserve it for drafting a kicker outside of the last 2 rounds,reaction,label set by Pop's blind pass,hot_take,ff_top_month,18,/r/fantasyfootball/comments/1wh643i/35_of_brandon_aubrey_owners_lost_their_matchup/p9zsvg3/
I was at work when that happened and told my coworkers how bad it was based on the prayer circle then a few days later he's fine. Then this Sunday I'm at work and watch Caleb go down so I tell everyone what happened and how it looked bad like an achilles or ACL and now he's just got a mild hamstring strain. No one gonna believe me at work anymore,reaction,,reaction,ff_hot,25,/r/fantasyfootball/comments/1woh7oy/dj_moore_update_dj_moore_says_he_feels_great_and/pbnb1ht/
Up 25 with my [maggoty] Rice vs his Walker and Buttker. F'n bullshit man. Whata shit start to the season,reaction,label set by Pop's blind pass,reaction,ff_top_month,4,/r/fantasyfootball/comments/1wgom15/kenneth_walker_chiefs_debut_most_rushing_yards_by/p9vzgqi/
I really don’t understand why people are worried. He had 10 fucking targets last game as a TE.,analysis,,analysis,ff_hot,59,/r/fantasyfootball/comments/1wo9ydc/rapoport_giants_qb_jaxson_dart_is_expected_to/pblbvqw/
"I've made offers of Puka for Lamb, Puka for Jefferson, and Puka for Cook + Coker but not expecting them to be accepted. Considering offering him straight up for Jeanty.",reaction,label set by Pop's blind pass,reaction,ff_recent_comments,1,/r/fantasyfootball/comments/1woykfb/official_trade_thu_09242026/pbrhjd1/
"I have Aubrey and I lost by less than 2 points. His miss was a 2 point swing since we do -1 for a missed PAT. Now I know I lost because my overall team is steaming dog shit, but that kick would have still saved me",reaction,"STAT-FLAVORED: precise scoring-rule detail, still purely about one loss",reaction,ff_top_month,3,/r/fantasyfootball/comments/1wh643i/35_of_brandon_aubrey_owners_lost_their_matchup/pa0z1z9/
Yeah I knew it was a tough schedule but I didn’t look at the specifics until just this past weekend haha,reaction,label set by Pop's blind pass,reaction,ff_recent_comments,1,/r/fantasyfootball/comments/1wp0fbg/early_candidates_for_rage_drop_of_the_year/pbrk788/
"I think all of the pass catchers on this bears team is going to bust for fantasy. Caleb is not good. He runs around in circles and makes that occasional eye opening off balance throw for a TD but he can’t sit in the pocket and pick apart a defense consistently. Then you got the coach running out Kalif Raymond over Rome and burden and rousch/Kmet over Loveland. These offensive “geniuses” just love to overthink the process. If I had to bet I’d say all of these pass catchers are going to be better with bagent at qb though. As soon as he came on burden caught 3 balls. He sat in the pocket, didn’t run around and just threw the ball where it was supposed to go.",hot_take,label set by Pop's blind pass,analysis,ff_top_month,44,/r/fantasyfootball/comments/1wm29l3/colston_loveland_heats_up_for_13_vs_vikings/pb3y8ui/
"It was a *horrific* drop, to be fair. He also absolutely failed at the “go get it” ball that was the first interception. Granted, it wasn’t thrown remotely on the dime, but the better WRs can get up and get that ball, or at least contend for it. He was nowhere close. I’m not calling doom and gloom yet, but he didn’t have a single good moment that I saw in this game. Does not bode well.",analysis,,analysis,ff_top_month,20,/r/fantasyfootball/comments/1wcz9d0/aj_brown_ankle_is_expected_to_miss_at_least_4/p920glo/
"Idk, maybe they thought they had a better matchup against the 2nd CB or some other reason. Tet was only a target behind and I'd expect it to flip back to him bring target leader next week.",analysis,,analysis,ff_top_month,4,/r/fantasyfootball/comments/1wfkcob/the_current_wr1_in_fantasy_jalen_coker_finishes/p9nmest/
Almost like the experts didn’t know he had a sprained ankle (since it wasn’t reported),reaction,label set by Pop's blind pass,hot_take,ff_hot,11,/r/fantasyfootball/comments/1woeh1z/rb_jonah_coleman_is_dealing_with_a_sprained_ankle/pbmbsp1/
Went to the game with my neighbor. Both of us are Dallas fans. Outside of the fact that we lost that game so embarrassingly; my neighbor had Aubrey. His 2nd xp tied him with his opp at 108. I've never seen such an insignificant point swing hurt so badly. It was a very quiet ride 4 hour ride home lol,reaction,,reaction,ff_top_month,8,/r/fantasyfootball/comments/1wh643i/35_of_brandon_aubrey_owners_lost_their_matchup/p9zw3fb/
Prime Megatron was some of the most fun football I've watched as a neutral fan. Right up there with Beastmode.,reaction,,reaction,ff_top_month,31,/r/fantasyfootball/comments/1wn68e9/davante_adams_goes_nuclear_8_for_195_and_2_tds_in/pbddjr4/
"This reminder served me well long ago, so posting it to help potential FF newbies this season: your starting WR/RB/TE spots are not for your “highest performers,” but should be used on players who have the earliest games that week. Flex spot should be reserved for players with the latest start times (Sunday afternoon/evening or Monday games). So if you’re starting Rashid Shaheed in tomorrow’s game, you should have him in one of your WR spots, even though he’s a FLEX play in terms of points. This leaves you with more flexibility (no pun intended) when the bulk of games rolls around Sunday in case one of those other players gets injured. You won’t be locked into subbing a WR when maybe you have a better RB option on your bench. Later in the season, it may allow you to pick someone up on waivers Sunday morning when a player who was questionable is announced out for the week. 1 more day til football! Good luck, gang.",analysis,,analysis,ff_top_month_selftext,2656,/r/fantasyfootball/comments/1waqtma/annual_reminder_to_use_your_flex_spot_for_your/
Malik was easiest fade of my lifetime this year,hot_take,label set by Pop's blind pass,hot_take,ff_top_week,-2,/r/fantasyfootball/comments/1wmykqd/malik_nabers_says_his_shoulder_was_dislocated_and/pbbk1lm/
Dude some guy in my league lost by .5 points - had Nabers going against Davante. Was 98% win chance before the game,reaction,,reaction,ff_top_month,1,/r/fantasyfootball/comments/1wn68e9/davante_adams_goes_nuclear_8_for_195_and_2_tds_in/pbcryes/
"The system is a big issue, it dictates what he does with the ball. Mcdaniels runs these percise timing scheme. It doesnt help they dont have the speed to execute the way it worked in miami, but the scheme doesnt allow for deviation, its either the route runner is there or he has to check it down. Tua made that system look better than it was because he would scramble alot so when the play broke down he made things happen because his wr were trained to continue the play and find an opening. You can watch tape and see that he doesnt move off first reads even though someone else is breaking away or open elsewhere. I predict mcdaniels will lose play calling duties and they go back to a mix of the scheme they used last year.",analysis,,analysis,ff_top_week,61,/r/fantasyfootball/comments/1wlvy67/justin_herbert_starts_02_with_oc_mike_mcdaniel/pb27ddh/
He is on an extremely stacked team and this particular game Caleb had two 10+rushing tds.,analysis,,analysis,ff_top_month,6,/r/fantasyfootball/comments/1wfj4j1/colston_loveland_in_his_projected_te3_debut_0/p9mknbs/
I have this combo. I also have Jeremiah Love and Ja’Marr Chase from the loser list. Frustrating week but still feeling good overall. Would have won if Chase had scored even like 10 points.,reaction,,reaction,ff_top_month,3,/r/fantasyfootball/comments/1wh643i/35_of_brandon_aubrey_owners_lost_their_matchup/p9zvkpo/
Surprisingly most of the first round has been fine so far. Except Puka and Saquon,hot_take,label set by Pop's blind pass,hot_take,ff_hot,33,/r/fantasyfootball/comments/1woqcbr/mcvay_on_the_status_of_puka_for_snf_against/pbp3ghs/
This… is unfortunately how it sounds. Big gamesmanship talk to get the other team to plan for puka even though he’s out,hot_take,,hot_take,ff_hot,23,/r/fantasyfootball/comments/1wojgb4/mcvay_said_puka_nacua_does_not_have_a_hernia_but/pbnj9tv/
"I'm fighting this right now. I have Montgomery, Stevenson, McLaurin, and MPJ fighting for flex. I'm leaning Stevenson, but wrestling in my head with burning my flex before anyone else has even finished weekly practices.",reaction,,reaction,ff_top_month,1,/r/fantasyfootball/comments/1waqtma/annual_reminder_to_use_your_flex_spot_for_your/p8q564t/
"MHJ takes plays off when he knows the ball isn't coming to him. NFL WRs earn targets, and he's doing nothing to make his coaches or QB want to get him more involved.",hot_take,,hot_take,ff_top_week,90,/r/fantasyfootball/comments/1wnl41u/cardinals_coach_mike_lafleur_met_the_idea_of/pbgnjhu/
"Want someone’s take here- was playing puka up 25. He was ruled out, so team trades away Jacobs for Devante about 2 minutes before game started. He put up 40. Commish pushed it through no conversation nothing. Leaving the team who got Jacobs with no starting wr for the week and a roster of 7 rb’s and just 3 wr in a 3 wr league.",reaction,,reaction,ff_top_month,1,/r/fantasyfootball/comments/1wn68e9/davante_adams_goes_nuclear_8_for_195_and_2_tds_in/pbd3rb2/
"His first half was pretty dismal, too. Maybe not garbage time, but it didn't look like great numbers going into the second half.",hot_take,,hot_take,ff_top_month,19,/r/fantasyfootball/comments/1wfj4j1/colston_loveland_in_his_projected_te3_debut_0/p9mkctp/
"28 missed tackles, 247 yards after missed tackles. Yeesh.",reaction,"HARD: real stats, no claim attached - ""Yeesh"" is the whole payload, so step 1 sends it to reaction",reaction,ff_top_month,15,/r/fantasyfootball/comments/1wgom15/kenneth_walker_chiefs_debut_most_rushing_yards_by/p9w2i0n/
"Shouldn't scouts be projecting for that though? We do the same with QBs and arguably, that's the position where regardless of physical traits, it can take players years before they learn and feel comfortable at the pro levels. It's hard to imagine a situation where someone looks that good in college and instantly looks out of place in the pros.",analysis,label set by Pop's blind pass,hot_take,ff_top_week,2,/r/fantasyfootball/comments/1wmc6f3/marvin_harrison_jr_finished_without_a_reception/pb69f4o/
This is the type of intel that keeps me coming back to this sub,reaction,,reaction,ff_top_week,7,/r/fantasyfootball/comments/1wkttdn/puka_nacua_wont_practice_for_a_second_straight/patn1m7/
"Bears offense will go to whoever the defense doesn't focus on. That's how Ben Johnson works. I tried to tell ppl Kalif would be a major piece of the offense, and I got flamed. Today, Loveland was clearing out the middle and Kalif was doing his best Wes Welker impersonation. The next game could be completely different. Ben lets defenses choose how they want to be attacked.",analysis,,analysis,ff_top_month,59,/r/fantasyfootball/comments/1wfj4j1/colston_loveland_in_his_projected_te3_debut_0/p9mkrhd/
"If you're down 63 and you're starting davante, the choice between dart and Stafford is easy. If davante has a big game, Stafford by default is probably going to have a big game as well. Obviously there's a chance davante has 150 yards and 2 tds while Stafford has 200 yards and 2 tds, but Stafford is the better play. If you're down 40 or something, then maybe diversifying starts being an option, but if you're down big, you stack.",hot_take,label set by Pop's blind pass,analysis,ff_top_month,47,/r/fantasyfootball/comments/1wn68e9/davante_adams_goes_nuclear_8_for_195_and_2_tds_in/pbddzvn/
someone just offered me Devante Smith for Kincaid and AJ Brown it's weird i have to think about it,reaction,label set by Pop's blind pass,reaction,ff_top_week,5,/r/fantasyfootball/comments/1wjnh0r/barnwell_73_percent_route_share_for_dalton/pak3x11/
"There was never any concern he wouldn’t produce for KC, more like for how long.",hot_take,,hot_take,ff_top_month,56,/r/fantasyfootball/comments/1wgom15/kenneth_walker_chiefs_debut_most_rushing_yards_by/p9vypfj/
